file,tensor,fmt,n,entropy,huff12,bits,bpw,bpw_entropy,bpw_huff12
qwen3-1.7b-q8_0.gguf,token_embd.weight,Q8_0,311164928,7.689167194843484,7.716044560137575,8,8.5,8.189167194843485,8.216044560137576
qwen3-1.7b-q8_0.gguf,blk.0.attn_k.weight,Q8_0,2097152,7.67020794469814,7.694516658782959,8,8.5,8.17020794469814,8.194516658782959
qwen3-1.7b-q8_0.gguf,blk.0.attn_output.weight,Q8_0,4194304,7.67815864962499,7.703347682952881,8,8.5,8.17815864962499,8.20334768295288
qwen3-1.7b-q8_0.gguf,blk.0.attn_q.weight,Q8_0,4194304,7.6611136624200995,7.684544801712036,8,8.5,8.1611136624201,8.184544801712036
qwen3-1.7b-q8_0.gguf,blk.0.attn_v.weight,Q8_0,2097152,7.6618274138531905,7.685374736785889,8,8.5,8.16182741385319,8.185374736785889
qwen3-1.7b-q8_0.gguf,blk.0.ffn_down.weight,Q8_0,12582912,7.664002196565185,7.68769097328186,8,8.5,8.164002196565185,8.18769097328186
qwen3-1.7b-q8_0.gguf,blk.0.ffn_gate.weight,Q8_0,12582912,7.669058344104433,7.693713426589966,8,8.5,8.169058344104432,8.193713426589966
qwen3-1.7b-q8_0.gguf,blk.0.ffn_up.weight,Q8_0,12582912,7.666935654326693,7.691215435663859,8,8.5,8.166935654326693,8.19121543566386
qwen3-1.7b-q8_0.gguf,blk.1.attn_k.weight,Q8_0,2097152,7.6672838090039335,7.691409111022949,8,8.5,8.167283809003933,8.19140911102295
qwen3-1.7b-q8_0.gguf,blk.1.attn_output.weight,Q8_0,4194304,7.674823105463581,7.699955701828003,8,8.5,8.174823105463581,8.199955701828003
qwen3-1.7b-q8_0.gguf,blk.1.attn_q.weight,Q8_0,4194304,7.665762415748522,7.689788818359375,8,8.5,8.165762415748521,8.189788818359375
qwen3-1.7b-q8_0.gguf,blk.1.attn_v.weight,Q8_0,2097152,7.663677952601726,7.6877312660217285,8,8.5,8.163677952601727,8.187731266021729
qwen3-1.7b-q8_0.gguf,blk.1.ffn_down.weight,Q8_0,12582912,7.586862191602942,7.610569000244141,8,8.5,8.086862191602943,8.11056900024414
qwen3-1.7b-q8_0.gguf,blk.1.ffn_gate.weight,Q8_0,12582912,7.657599206517746,7.6809531052907305,8,8.5,8.157599206517746,8.18095310529073
qwen3-1.7b-q8_0.gguf,blk.1.ffn_up.weight,Q8_0,12582912,7.666177876639807,7.690087238947551,8,8.5,8.166177876639807,8.190087238947552
qwen3-1.7b-q8_0.gguf,blk.2.attn_k.weight,Q8_0,2097152,7.660905726131849,7.684474945068359,8,8.5,8.16090572613185,8.18447494506836
qwen3-1.7b-q8_0.gguf,blk.2.attn_output.weight,Q8_0,4194304,7.681980847320061,7.708279609680176,8,8.5,8.18198084732006,8.208279609680176
qwen3-1.7b-q8_0.gguf,blk.2.attn_q.weight,Q8_0,4194304,7.651827576626702,7.674121856689453,8,8.5,8.151827576626701,8.174121856689453
qwen3-1.7b-q8_0.gguf,blk.2.attn_v.weight,Q8_0,2097152,7.660994742792639,7.684431076049805,8,8.5,8.160994742792639,8.184431076049805
qwen3-1.7b-q8_0.gguf,blk.2.ffn_down.weight,Q8_0,12582912,7.647761667456668,7.669783274332683,8,8.5,8.147761667456667,8.169783274332683
qwen3-1.7b-q8_0.gguf,blk.2.ffn_gate.weight,Q8_0,12582912,7.680470595984692,7.70632537206014,8,8.5,8.180470595984692,8.206325372060139
qwen3-1.7b-q8_0.gguf,blk.2.ffn_up.weight,Q8_0,12582912,7.671609750242624,7.696338891983032,8,8.5,8.171609750242624,8.196338891983032
qwen3-1.7b-q8_0.gguf,blk.3.attn_k.weight,Q8_0,2097152,7.658804874575089,7.681850910186768,8,8.5,8.15880487457509,8.181850910186768
qwen3-1.7b-q8_0.gguf,blk.3.attn_output.weight,Q8_0,4194304,7.6819560942530885,7.7079150676727295,8,8.5,8.181956094253088,8.20791506767273
qwen3-1.7b-q8_0.gguf,blk.3.attn_q.weight,Q8_0,4194304,7.655876780254346,7.6787025928497314,8,8.5,8.155876780254346,8.178702592849731
qwen3-1.7b-q8_0.gguf,blk.3.attn_v.weight,Q8_0,2097152,7.655159413379204,7.67791748046875,8,8.5,8.155159413379204,8.17791748046875
qwen3-1.7b-q8_0.gguf,blk.3.ffn_down.weight,Q8_0,12582912,7.652505434593735,7.674908955891927,8,8.5,8.152505434593735,8.174908955891926
qwen3-1.7b-q8_0.gguf,blk.3.ffn_gate.weight,Q8_0,12582912,7.681099293700756,7.707029898961385,8,8.5,8.181099293700756,8.207029898961384
qwen3-1.7b-q8_0.gguf,blk.3.ffn_up.weight,Q8_0,12582912,7.6731136407804605,7.697956562042236,8,8.5,8.17311364078046,8.197956562042236
qwen3-1.7b-q8_0.gguf,blk.4.attn_k.weight,Q8_0,2097152,7.663890334496365,7.687155246734619,8,8.5,8.163890334496365,8.18715524673462
qwen3-1.7b-q8_0.gguf,blk.4.attn_output.weight,Q8_0,4194304,7.678728510532771,7.704587936401367,8,8.5,8.178728510532771,8.204587936401367
qwen3-1.7b-q8_0.gguf,blk.4.attn_q.weight,Q8_0,4194304,7.664961512574964,7.688685417175293,8,8.5,8.164961512574964,8.188685417175293
qwen3-1.7b-q8_0.gguf,blk.4.attn_v.weight,Q8_0,2097152,7.656696380782737,7.679693222045898,8,8.5,8.156696380782737,8.179693222045898
qwen3-1.7b-q8_0.gguf,blk.4.ffn_down.weight,Q8_0,12582912,7.649562149454613,7.671794176101685,8,8.5,8.149562149454614,8.171794176101685
qwen3-1.7b-q8_0.gguf,blk.4.ffn_gate.weight,Q8_0,12582912,7.680700807135184,7.706589539845784,8,8.5,8.180700807135185,8.206589539845783
qwen3-1.7b-q8_0.gguf,blk.4.ffn_up.weight,Q8_0,12582912,7.672250562330885,7.696801424026489,8,8.5,8.172250562330884,8.19680142402649
qwen3-1.7b-q8_0.gguf,blk.5.attn_k.weight,Q8_0,2097152,7.6686867336393885,7.692887306213379,8,8.5,8.168686733639388,8.192887306213379
qwen3-1.7b-q8_0.gguf,blk.5.attn_output.weight,Q8_0,4194304,7.682773006972726,7.709056615829468,8,8.5,8.182773006972726,8.209056615829468
qwen3-1.7b-q8_0.gguf,blk.5.attn_q.weight,Q8_0,4194304,7.6569050839847055,7.679692506790161,8,8.5,8.156905083984705,8.179692506790161
qwen3-1.7b-q8_0.gguf,blk.5.attn_v.weight,Q8_0,2097152,7.625231788630457,7.6463823318481445,8,8.5,8.125231788630458,8.146382331848145
qwen3-1.7b-q8_0.gguf,blk.5.ffn_down.weight,Q8_0,12582912,7.658120041340636,7.681287447611491,8,8.5,8.158120041340636,8.181287447611492
qwen3-1.7b-q8_0.gguf,blk.5.ffn_gate.weight,Q8_0,12582912,7.675890977599887,7.701225837071736,8,8.5,8.175890977599888,8.201225837071735
qwen3-1.7b-q8_0.gguf,blk.5.ffn_up.weight,Q8_0,12582912,7.669981709848956,7.694288969039917,8,8.5,8.169981709848956,8.194288969039917
qwen3-1.7b-q8_0.gguf,blk.6.attn_k.weight,Q8_0,2097152,7.664532716886163,7.688355922698975,8,8.5,8.164532716886164,8.188355922698975
qwen3-1.7b-q8_0.gguf,blk.6.attn_output.weight,Q8_0,4194304,7.6794299334003,7.705209493637085,8,8.5,8.1794299334003,8.205209493637085
qwen3-1.7b-q8_0.gguf,blk.6.attn_q.weight,Q8_0,4194304,7.65708634786226,7.680267095565796,8,8.5,8.157086347862261,8.180267095565796
qwen3-1.7b-q8_0.gguf,blk.6.attn_v.weight,Q8_0,2097152,7.652067810745207,7.674571990966797,8,8.5,8.152067810745207,8.174571990966797
qwen3-1.7b-q8_0.gguf,blk.6.ffn_down.weight,Q8_0,12582912,7.645586815255967,7.667483647664388,8,8.5,8.145586815255967,8.167483647664387
qwen3-1.7b-q8_0.gguf,blk.6.ffn_gate.weight,Q8_0,12582912,7.674577584878378,7.699628194173177,8,8.5,8.174577584878378,8.199628194173176
qwen3-1.7b-q8_0.gguf,blk.6.ffn_up.weight,Q8_0,12582912,7.66813423665399,7.692263285319011,8,8.5,8.16813423665399,8.192263285319012
qwen3-1.7b-q8_0.gguf,blk.7.attn_k.weight,Q8_0,2097152,7.67001872850656,7.694241046905518,8,8.5,8.170018728506559,8.194241046905518
qwen3-1.7b-q8_0.gguf,blk.7.attn_output.weight,Q8_0,4194304,7.678342181574749,7.704141855239868,8,8.5,8.178342181574749,8.204141855239868
qwen3-1.7b-q8_0.gguf,blk.7.attn_q.weight,Q8_0,4194304,7.665235626911532,7.689277648925781,8,8.5,8.165235626911532,8.189277648925781
qwen3-1.7b-q8_0.gguf,blk.7.attn_v.weight,Q8_0,2097152,7.646533871560203,7.668823719024658,8,8.5,8.146533871560203,8.168823719024658
qwen3-1.7b-q8_0.gguf,blk.7.ffn_down.weight,Q8_0,12582912,7.6448792976040725,7.666645447413127,8,8.5,8.144879297604072,8.166645447413128
qwen3-1.7b-q8_0.gguf,blk.7.ffn_gate.weight,Q8_0,12582912,7.680050904045155,7.705816586812337,8,8.5,8.180050904045155,8.205816586812336
qwen3-1.7b-q8_0.gguf,blk.7.ffn_up.weight,Q8_0,12582912,7.669161537522599,7.693382740020752,8,8.5,8.169161537522598,8.193382740020752
qwen3-1.7b-q8_0.gguf,blk.8.attn_k.weight,Q8_0,2097152,7.6572961441330385,7.680182933807373,8,8.5,8.157296144133038,8.180182933807373
qwen3-1.7b-q8_0.gguf,blk.8.attn_output.weight,Q8_0,4194304,7.679667556387107,7.705421447753906,8,8.5,8.179667556387107,8.205421447753906
qwen3-1.7b-q8_0.gguf,blk.8.attn_q.weight,Q8_0,4194304,7.654720771654322,7.677367210388184,8,8.5,8.154720771654322,8.177367210388184
qwen3-1.7b-q8_0.gguf,blk.8.attn_v.weight,Q8_0,2097152,7.65544447364276,7.67828893661499,8,8.5,8.15544447364276,8.17828893661499
qwen3-1.7b-q8_0.gguf,blk.8.ffn_down.weight,Q8_0,12582912,7.643574300818443,7.665297985076904,8,8.5,8.143574300818443,8.165297985076904
qwen3-1.7b-q8_0.gguf,blk.8.ffn_gate.weight,Q8_0,12582912,7.675455066615617,7.700566371281941,8,8.5,8.175455066615617,8.20056637128194
qwen3-1.7b-q8_0.gguf,blk.8.ffn_up.weight,Q8_0,12582912,7.66668330786323,7.690644820531209,8,8.5,8.16668330786323,8.190644820531208
qwen3-1.7b-q8_0.gguf,blk.9.attn_k.weight,Q8_0,2097152,7.652751335559489,7.675512790679932,8,8.5,8.15275133555949,8.175512790679932
qwen3-1.7b-q8_0.gguf,blk.9.attn_output.weight,Q8_0,4194304,7.6742568364244494,7.699186086654663,8,8.5,8.17425683642445,8.199186086654663
qwen3-1.7b-q8_0.gguf,blk.9.attn_q.weight,Q8_0,4194304,7.651490653031752,7.673748016357422,8,8.5,8.151490653031752,8.173748016357422
qwen3-1.7b-q8_0.gguf,blk.9.attn_v.weight,Q8_0,2097152,7.63219317175467,7.654457092285156,8,8.5,8.13219317175467,8.154457092285156
qwen3-1.7b-q8_0.gguf,blk.9.ffn_down.weight,Q8_0,12582912,7.6360021895991235,7.65716012318929,8,8.5,8.136002189599123,8.15716012318929
qwen3-1.7b-q8_0.gguf,blk.9.ffn_gate.weight,Q8_0,12582912,7.674227142790959,7.69907530148824,8,8.5,8.174227142790958,8.19907530148824
qwen3-1.7b-q8_0.gguf,blk.9.ffn_up.weight,Q8_0,12582912,7.667382609442759,7.691394805908203,8,8.5,8.16738260944276,8.191394805908203
qwen3-1.7b-q8_0.gguf,blk.10.attn_k.weight,Q8_0,2097152,7.66821096312157,7.692388534545898,8,8.5,8.16821096312157,8.192388534545898
qwen3-1.7b-q8_0.gguf,blk.10.attn_output.weight,Q8_0,4194304,7.675070282492362,7.700011491775513,8,8.5,8.175070282492362,8.200011491775513
qwen3-1.7b-q8_0.gguf,blk.10.attn_q.weight,Q8_0,4194304,7.6643964038825505,7.688104629516602,8,8.5,8.16439640388255,8.188104629516602
qwen3-1.7b-q8_0.gguf,blk.10.attn_v.weight,Q8_0,2097152,7.647989075364581,7.670522689819336,8,8.5,8.147989075364581,8.170522689819336
qwen3-1.7b-q8_0.gguf,blk.10.ffn_down.weight,Q8_0,12582912,7.615921153547038,7.636292139689128,8,8.5,8.115921153547038,8.136292139689129
qwen3-1.7b-q8_0.gguf,blk.10.ffn_gate.weight,Q8_0,12582912,7.663842390831377,7.687412977218628,8,8.5,8.163842390831377,8.187412977218628
qwen3-1.7b-q8_0.gguf,blk.10.ffn_up.weight,Q8_0,12582912,7.658324962865242,7.6813645362854,8,8.5,8.158324962865242,8.1813645362854
qwen3-1.7b-q8_0.gguf,blk.11.attn_k.weight,Q8_0,2097152,7.640213479558935,7.662672519683838,8,8.5,8.140213479558934,8.162672519683838
qwen3-1.7b-q8_0.gguf,blk.11.attn_output.weight,Q8_0,4194304,7.672935177939983,7.697675466537476,8,8.5,8.172935177939983,8.197675466537476
qwen3-1.7b-q8_0.gguf,blk.11.attn_q.weight,Q8_0,4194304,7.644734827487246,7.667261600494385,8,8.5,8.144734827487246,8.167261600494385
qwen3-1.7b-q8_0.gguf,blk.11.attn_v.weight,Q8_0,2097152,7.618032083115998,7.641505718231201,8,8.5,8.118032083115999,8.141505718231201
qwen3-1.7b-q8_0.gguf,blk.11.ffn_down.weight,Q8_0,12582912,7.625870668565939,7.6464284261067705,8,8.5,8.12587066856594,8.14642842610677
qwen3-1.7b-q8_0.gguf,blk.11.ffn_gate.weight,Q8_0,12582912,7.66702717974429,7.691090027491252,8,8.5,8.16702717974429,8.191090027491253
qwen3-1.7b-q8_0.gguf,blk.11.ffn_up.weight,Q8_0,12582912,7.661911950368774,7.685207366943359,8,8.5,8.161911950368774,8.18520736694336
qwen3-1.7b-q8_0.gguf,blk.12.attn_k.weight,Q8_0,2097152,7.652261801242405,7.674859046936035,8,8.5,8.152261801242405,8.174859046936035
qwen3-1.7b-q8_0.gguf,blk.12.attn_output.weight,Q8_0,4194304,7.67523377609702,7.700241565704346,8,8.5,8.17523377609702,8.200241565704346
qwen3-1.7b-q8_0.gguf,blk.12.attn_q.weight,Q8_0,4194304,7.660372246879162,7.683852672576904,8,8.5,8.160372246879163,8.183852672576904
qwen3-1.7b-q8_0.gguf,blk.12.attn_v.weight,Q8_0,2097152,7.644227110103401,7.666330814361572,8,8.5,8.144227110103401,8.166330814361572
qwen3-1.7b-q8_0.gguf,blk.12.ffn_down.weight,Q8_0,12582912,7.624214130849671,7.644679625829061,8,8.5,8.124214130849671,8.14467962582906
qwen3-1.7b-q8_0.gguf,blk.12.ffn_gate.weight,Q8_0,12582912,7.667427546898043,7.691508372624715,8,8.5,8.167427546898043,8.191508372624714
qwen3-1.7b-q8_0.gguf,blk.12.ffn_up.weight,Q8_0,12582912,7.660246725708199,7.683470964431763,8,8.5,8.160246725708198,8.183470964431763
qwen3-1.7b-q8_0.gguf,blk.13.attn_k.weight,Q8_0,2097152,7.657249850548794,7.6804423332214355,8,8.5,8.157249850548794,8.180442333221436
qwen3-1.7b-q8_0.gguf,blk.13.attn_output.weight,Q8_0,4194304,7.6733090851171095,7.6981682777404785,8,8.5,8.17330908511711,8.198168277740479
qwen3-1.7b-q8_0.gguf,blk.13.attn_q.weight,Q8_0,4194304,7.663709991632983,7.687312602996826,8,8.5,8.163709991632983,8.187312602996826
qwen3-1.7b-q8_0.gguf,blk.13.attn_v.weight,Q8_0,2097152,7.651364422901913,7.673861026763916,8,8.5,8.151364422901914,8.173861026763916
qwen3-1.7b-q8_0.gguf,blk.13.ffn_down.weight,Q8_0,12582912,7.619781318492208,7.639978408813477,8,8.5,8.119781318492208,8.139978408813477
qwen3-1.7b-q8_0.gguf,blk.13.ffn_gate.weight,Q8_0,12582912,7.660928496440228,7.684334595998128,8,8.5,8.160928496440228,8.184334595998127
qwen3-1.7b-q8_0.gguf,blk.13.ffn_up.weight,Q8_0,12582912,7.6571239650715475,7.680059512456258,8,8.5,8.157123965071548,8.180059512456257
qwen3-1.7b-q8_0.gguf,blk.14.attn_k.weight,Q8_0,2097152,7.65105458344835,7.673408031463623,8,8.5,8.15105458344835,8.173408031463623
qwen3-1.7b-q8_0.gguf,blk.14.attn_output.weight,Q8_0,4194304,7.6767323948936745,7.702099323272705,8,8.5,8.176732394893675,8.202099323272705
qwen3-1.7b-q8_0.gguf,blk.14.attn_q.weight,Q8_0,4194304,7.64988225769841,7.67210578918457,8,8.5,8.14988225769841,8.17210578918457
qwen3-1.7b-q8_0.gguf,blk.14.attn_v.weight,Q8_0,2097152,7.644468117322955,7.666574478149414,8,8.5,8.144468117322955,8.166574478149414
qwen3-1.7b-q8_0.gguf,blk.14.ffn_down.weight,Q8_0,12582912,7.613575180625094,7.633704662322998,8,8.5,8.113575180625094,8.133704662322998
qwen3-1.7b-q8_0.gguf,blk.14.ffn_gate.weight,Q8_0,12582912,7.653175552093568,7.675649722417195,8,8.5,8.153175552093568,8.175649722417194
qwen3-1.7b-q8_0.gguf,blk.14.ffn_up.weight,Q8_0,12582912,7.6489198466945165,7.671131372451782,8,8.5,8.148919846694517,8.171131372451782
qwen3-1.7b-q8_0.gguf,blk.15.attn_k.weight,Q8_0,2097152,7.661536815813961,7.684909343719482,8,8.5,8.16153681581396,8.184909343719482
qwen3-1.7b-q8_0.gguf,blk.15.attn_output.weight,Q8_0,4194304,7.67423228999208,7.6996073722839355,8,8.5,8.17423228999208,8.199607372283936
qwen3-1.7b-q8_0.gguf,blk.15.attn_q.weight,Q8_0,4194304,7.6545205132889125,7.677367448806763,8,8.5,8.154520513288912,8.177367448806763
qwen3-1.7b-q8_0.gguf,blk.15.attn_v.weight,Q8_0,2097152,7.62108237224249,7.642637729644775,8,8.5,8.12108237224249,8.142637729644775
qwen3-1.7b-q8_0.gguf,blk.15.ffn_down.weight,Q8_0,12582912,7.619526040997316,7.639928976694743,8,8.5,8.119526040997316,8.139928976694744
qwen3-1.7b-q8_0.gguf,blk.15.ffn_gate.weight,Q8_0,12582912,7.650069173598222,7.672391335169475,8,8.5,8.150069173598222,8.172391335169475
qwen3-1.7b-q8_0.gguf,blk.15.ffn_up.weight,Q8_0,12582912,7.649580660113089,7.671730677286784,8,8.5,8.149580660113088,8.171730677286785
qwen3-1.7b-q8_0.gguf,blk.16.attn_k.weight,Q8_0,2097152,7.650286404209257,7.672417640686035,8,8.5,8.150286404209258,8.172417640686035
qwen3-1.7b-q8_0.gguf,blk.16.attn_output.weight,Q8_0,4194304,7.675520357403971,7.700608491897583,8,8.5,8.175520357403972,8.200608491897583
qwen3-1.7b-q8_0.gguf,blk.16.attn_q.weight,Q8_0,4194304,7.646792393852456,7.66891622543335,8,8.5,8.146792393852456,8.16891622543335
qwen3-1.7b-q8_0.gguf,blk.16.attn_v.weight,Q8_0,2097152,7.630892504731412,7.652636528015137,8,8.5,8.130892504731412,8.152636528015137
qwen3-1.7b-q8_0.gguf,blk.16.ffn_down.weight,Q8_0,12582912,7.609789013485411,7.630175352096558,8,8.5,8.109789013485411,8.130175352096558
qwen3-1.7b-q8_0.gguf,blk.16.ffn_gate.weight,Q8_0,12582912,7.637546585828854,7.65885329246521,8,8.5,8.137546585828854,8.15885329246521
qwen3-1.7b-q8_0.gguf,blk.16.ffn_up.weight,Q8_0,12582912,7.6316094282525455,7.652921358744304,8,8.5,8.131609428252546,8.152921358744305
qwen3-1.7b-q8_0.gguf,blk.17.attn_k.weight,Q8_0,2097152,7.662166197820329,7.68587064743042,8,8.5,8.16216619782033,8.18587064743042
qwen3-1.7b-q8_0.gguf,blk.17.attn_output.weight,Q8_0,4194304,7.671910349646399,7.69647216796875,8,8.5,8.1719103496464,8.19647216796875
qwen3-1.7b-q8_0.gguf,blk.17.attn_q.weight,Q8_0,4194304,7.63581580232329,7.657121181488037,8,8.5,8.13581580232329,8.157121181488037
qwen3-1.7b-q8_0.gguf,blk.17.attn_v.weight,Q8_0,2097152,7.630467604413206,7.652360916137695,8,8.5,8.130467604413205,8.152360916137695
qwen3-1.7b-q8_0.gguf,blk.17.ffn_down.weight,Q8_0,12582912,7.6301676531725535,7.651043971379598,8,8.5,8.130167653172553,8.151043971379597
qwen3-1.7b-q8_0.gguf,blk.17.ffn_gate.weight,Q8_0,12582912,7.64907362925713,7.671206156412761,8,8.5,8.149073629257131,8.171206156412762
qwen3-1.7b-q8_0.gguf,blk.17.ffn_up.weight,Q8_0,12582912,7.649347987547634,7.671557346979777,8,8.5,8.149347987547634,8.171557346979778
qwen3-1.7b-q8_0.gguf,blk.18.attn_k.weight,Q8_0,2097152,7.6584862468892885,7.681596279144287,8,8.5,8.15848624688929,8.181596279144287
qwen3-1.7b-q8_0.gguf,blk.18.attn_output.weight,Q8_0,4194304,7.67245345467351,7.697107553482056,8,8.5,8.17245345467351,8.197107553482056
qwen3-1.7b-q8_0.gguf,blk.18.attn_q.weight,Q8_0,4194304,7.644735071345735,7.666618347167969,8,8.5,8.144735071345735,8.166618347167969
qwen3-1.7b-q8_0.gguf,blk.18.attn_v.weight,Q8_0,2097152,7.628984431073594,7.650588035583496,8,8.5,8.128984431073594,8.150588035583496
qwen3-1.7b-q8_0.gguf,blk.18.ffn_down.weight,Q8_0,12582912,7.630208664803644,7.651207685470581,8,8.5,8.130208664803643,8.151207685470581
qwen3-1.7b-q8_0.gguf,blk.18.ffn_gate.weight,Q8_0,12582912,7.646849312609308,7.668850819269816,8,8.5,8.146849312609309,8.168850819269817
qwen3-1.7b-q8_0.gguf,blk.18.ffn_up.weight,Q8_0,12582912,7.647852198944579,7.669850667317708,8,8.5,8.14785219894458,8.169850667317707
qwen3-1.7b-q8_0.gguf,blk.19.attn_k.weight,Q8_0,2097152,7.654504642499056,7.677052021026611,8,8.5,8.154504642499056,8.177052021026611
qwen3-1.7b-q8_0.gguf,blk.19.attn_output.weight,Q8_0,4194304,7.672942414304464,7.697612047195435,8,8.5,8.172942414304465,8.197612047195435
qwen3-1.7b-q8_0.gguf,blk.19.attn_q.weight,Q8_0,4194304,7.641241931714542,7.662931442260742,8,8.5,8.141241931714543,8.162931442260742
qwen3-1.7b-q8_0.gguf,blk.19.attn_v.weight,Q8_0,2097152,7.59330894144518,7.615864276885986,8,8.5,8.09330894144518,8.115864276885986
qwen3-1.7b-q8_0.gguf,blk.19.ffn_down.weight,Q8_0,12582912,7.621803596625645,7.642329613367717,8,8.5,8.121803596625645,8.142329613367718
qwen3-1.7b-q8_0.gguf,blk.19.ffn_gate.weight,Q8_0,12582912,7.642315550242293,7.663933038711548,8,8.5,8.142315550242293,8.163933038711548
qwen3-1.7b-q8_0.gguf,blk.19.ffn_up.weight,Q8_0,12582912,7.643460349853126,7.665130138397217,8,8.5,8.143460349853125,8.165130138397217
qwen3-1.7b-q8_0.gguf,blk.20.attn_k.weight,Q8_0,2097152,7.639573465912927,7.661095142364502,8,8.5,8.139573465912928,8.161095142364502
qwen3-1.7b-q8_0.gguf,blk.20.attn_output.weight,Q8_0,4194304,7.668886411025628,7.692959785461426,8,8.5,8.168886411025628,8.192959785461426
qwen3-1.7b-q8_0.gguf,blk.20.attn_q.weight,Q8_0,4194304,7.617125597716209,7.637732982635498,8,8.5,8.117125597716209,8.137732982635498
qwen3-1.7b-q8_0.gguf,blk.20.attn_v.weight,Q8_0,2097152,7.579311727211087,7.601832866668701,8,8.5,8.079311727211087,8.101832866668701
qwen3-1.7b-q8_0.gguf,blk.20.ffn_down.weight,Q8_0,12582912,7.636040363195178,7.657308737436931,8,8.5,8.136040363195178,8.157308737436932
qwen3-1.7b-q8_0.gguf,blk.20.ffn_gate.weight,Q8_0,12582912,7.650733088033073,7.672831694285075,8,8.5,8.150733088033073,8.172831694285076
qwen3-1.7b-q8_0.gguf,blk.20.ffn_up.weight,Q8_0,12582912,7.653079853757537,7.675481875737508,8,8.5,8.153079853757536,8.175481875737507
qwen3-1.7b-q8_0.gguf,blk.21.attn_k.weight,Q8_0,2097152,7.651331033569704,7.673345565795898,8,8.5,8.151331033569704,8.173345565795898
qwen3-1.7b-q8_0.gguf,blk.21.attn_output.weight,Q8_0,4194304,7.671616235197087,7.696032285690308,8,8.5,8.171616235197087,8.196032285690308
qwen3-1.7b-q8_0.gguf,blk.21.attn_q.weight,Q8_0,4194304,7.6374369827908435,7.658605098724365,8,8.5,8.137436982790843,8.158605098724365
qwen3-1.7b-q8_0.gguf,blk.21.attn_v.weight,Q8_0,2097152,7.592356119997783,7.6153764724731445,8,8.5,8.092356119997783,8.115376472473145
qwen3-1.7b-q8_0.gguf,blk.21.ffn_down.weight,Q8_0,12582912,7.6513352353541695,7.673623323440552,8,8.5,8.15133523535417,8.173623323440552
qwen3-1.7b-q8_0.gguf,blk.21.ffn_gate.weight,Q8_0,12582912,7.6642069561782655,7.687963326772054,8,8.5,8.164206956178266,8.187963326772053
qwen3-1.7b-q8_0.gguf,blk.21.ffn_up.weight,Q8_0,12582912,7.661709660662519,7.685263554255168,8,8.5,8.161709660662519,8.185263554255169
qwen3-1.7b-q8_0.gguf,blk.22.attn_k.weight,Q8_0,2097152,7.6482045819921085,7.670125484466553,8,8.5,8.148204581992108,8.170125484466553
qwen3-1.7b-q8_0.gguf,blk.22.attn_output.weight,Q8_0,4194304,7.6793416710260765,7.704733848571777,8,8.5,8.179341671026076,8.204733848571777
qwen3-1.7b-q8_0.gguf,blk.22.attn_q.weight,Q8_0,4194304,7.633924052919978,7.65485405921936,8,8.5,8.133924052919978,8.15485405921936
qwen3-1.7b-q8_0.gguf,blk.22.attn_v.weight,Q8_0,2097152,7.605247641452578,7.628281593322754,8,8.5,8.105247641452578,8.128281593322754
qwen3-1.7b-q8_0.gguf,blk.22.ffn_down.weight,Q8_0,12582912,7.664606967672274,7.688305377960205,8,8.5,8.164606967672274,8.188305377960205
qwen3-1.7b-q8_0.gguf,blk.22.ffn_gate.weight,Q8_0,12582912,7.67345865135322,7.698396364847819,8,8.5,8.17345865135322,8.19839636484782
qwen3-1.7b-q8_0.gguf,blk.22.ffn_up.weight,Q8_0,12582912,7.669453096241447,7.693722327550252,8,8.5,8.169453096241448,8.193722327550251
qwen3-1.7b-q8_0.gguf,blk.23.attn_k.weight,Q8_0,2097152,7.63970585901493,7.661461353302002,8,8.5,8.13970585901493,8.161461353302002
qwen3-1.7b-q8_0.gguf,blk.23.attn_output.weight,Q8_0,4194304,7.676381905981593,7.701492547988892,8,8.5,8.176381905981593,8.201492547988892
qwen3-1.7b-q8_0.gguf,blk.23.attn_q.weight,Q8_0,4194304,7.634728351930283,7.655749082565308,8,8.5,8.134728351930283,8.155749082565308
qwen3-1.7b-q8_0.gguf,blk.23.attn_v.weight,Q8_0,2097152,7.598237547473802,7.621525287628174,8,8.5,8.098237547473802,8.121525287628174
qwen3-1.7b-q8_0.gguf,blk.23.ffn_down.weight,Q8_0,12582912,7.670370887660032,7.694890896479289,8,8.5,8.170370887660031,8.19489089647929
qwen3-1.7b-q8_0.gguf,blk.23.ffn_gate.weight,Q8_0,12582912,7.680152024712974,7.706056356430054,8,8.5,8.180152024712974,8.206056356430054
qwen3-1.7b-q8_0.gguf,blk.23.ffn_up.weight,Q8_0,12582912,7.6752544894019525,7.700259844462077,8,8.5,8.175254489401953,8.200259844462078
qwen3-1.7b-q8_0.gguf,blk.24.attn_k.weight,Q8_0,2097152,7.634727271014199,7.655999183654785,8,8.5,8.1347272710142,8.155999183654785
qwen3-1.7b-q8_0.gguf,blk.24.attn_output.weight,Q8_0,4194304,7.67625742939561,7.701269149780273,8,8.5,8.17625742939561,8.201269149780273
qwen3-1.7b-q8_0.gguf,blk.24.attn_q.weight,Q8_0,4194304,7.62206236777185,7.642963886260986,8,8.5,8.12206236777185,8.142963886260986
qwen3-1.7b-q8_0.gguf,blk.24.attn_v.weight,Q8_0,2097152,7.606998800440338,7.631343364715576,8,8.5,8.106998800440337,8.131343364715576
qwen3-1.7b-q8_0.gguf,blk.24.ffn_down.weight,Q8_0,12582912,7.671655262677666,7.6964183648427325,8,8.5,8.171655262677666,8.196418364842732
qwen3-1.7b-q8_0.gguf,blk.24.ffn_gate.weight,Q8_0,12582912,7.680726985478362,7.706684271494548,8,8.5,8.180726985478362,8.206684271494549
qwen3-1.7b-q8_0.gguf,blk.24.ffn_up.weight,Q8_0,12582912,7.67690499820976,7.702252308527629,8,8.5,8.17690499820976,8.20225230852763
qwen3-1.7b-q8_0.gguf,blk.25.attn_k.weight,Q8_0,2097152,7.634122256174662,7.6555585861206055,8,8.5,8.134122256174662,8.155558586120605
qwen3-1.7b-q8_0.gguf,blk.25.attn_output.weight,Q8_0,4194304,7.677962616066271,7.703238248825073,8,8.5,8.17796261606627,8.203238248825073
qwen3-1.7b-q8_0.gguf,blk.25.attn_q.weight,Q8_0,4194304,7.624172651257786,7.645474433898926,8,8.5,8.124172651257787,8.145474433898926
qwen3-1.7b-q8_0.gguf,blk.25.attn_v.weight,Q8_0,2097152,7.616290995876659,7.641374588012695,8,8.5,8.116290995876659,8.141374588012695
qwen3-1.7b-q8_0.gguf,blk.25.ffn_down.weight,Q8_0,12582912,7.671221252390916,7.695861577987671,8,8.5,8.171221252390916,8.195861577987671
qwen3-1.7b-q8_0.gguf,blk.25.ffn_gate.weight,Q8_0,12582912,7.680009572512686,7.705865144729614,8,8.5,8.180009572512686,8.205865144729614
qwen3-1.7b-q8_0.gguf,blk.25.ffn_up.weight,Q8_0,12582912,7.676624428218746,7.70185399055481,8,8.5,8.176624428218746,8.20185399055481
qwen3-1.7b-q8_0.gguf,blk.26.attn_k.weight,Q8_0,2097152,7.641805260279554,7.663330554962158,8,8.5,8.141805260279554,8.163330554962158
qwen3-1.7b-q8_0.gguf,blk.26.attn_output.weight,Q8_0,4194304,7.677593695043543,7.702802419662476,8,8.5,8.177593695043543,8.202802419662476
qwen3-1.7b-q8_0.gguf,blk.26.attn_q.weight,Q8_0,4194304,7.6251338893201215,7.64697265625,8,8.5,8.125133889320121,8.14697265625
qwen3-1.7b-q8_0.gguf,blk.26.attn_v.weight,Q8_0,2097152,7.6398034317215195,7.662740707397461,8,8.5,8.13980343172152,8.162740707397461
qwen3-1.7b-q8_0.gguf,blk.26.ffn_down.weight,Q8_0,12582912,7.6675423862364385,7.691564957300822,8,8.5,8.167542386236438,8.191564957300823
qwen3-1.7b-q8_0.gguf,blk.26.ffn_gate.weight,Q8_0,12582912,7.6778063882446554,7.703208605448405,8,8.5,8.177806388244655,8.203208605448406
qwen3-1.7b-q8_0.gguf,blk.26.ffn_up.weight,Q8_0,12582912,7.676095844822222,7.701283137003581,8,8.5,8.176095844822221,8.201283137003582
qwen3-1.7b-q8_0.gguf,blk.27.attn_k.weight,Q8_0,2097152,7.676206903301342,7.7015180587768555,8,8.5,8.176206903301342,8.201518058776855
qwen3-1.7b-q8_0.gguf,blk.27.attn_output.weight,Q8_0,4194304,7.683326227997593,7.709212779998779,8,8.5,8.183326227997593,8.20921277999878
qwen3-1.7b-q8_0.gguf,blk.27.attn_q.weight,Q8_0,4194304,7.673601286661215,7.698396444320679,8,8.5,8.173601286661215,8.198396444320679
qwen3-1.7b-q8_0.gguf,blk.27.attn_v.weight,Q8_0,2097152,7.656139326427281,7.6789703369140625,8,8.5,8.156139326427281,8.178970336914062
qwen3-1.7b-q8_0.gguf,blk.27.ffn_down.weight,Q8_0,12582912,7.632528780001236,7.653736750284831,8,8.5,8.132528780001236,8.153736750284832
qwen3-1.7b-q8_0.gguf,blk.27.ffn_gate.weight,Q8_0,12582912,7.681053176756961,7.706871589024861,8,8.5,8.181053176756961,8.20687158902486
qwen3-1.7b-q8_0.gguf,blk.27.ffn_up.weight,Q8_0,12582912,7.67911380467217,7.704428672790527,8,8.5,8.17911380467217,8.204428672790527
Qwen3-1.7B-Q4_0.gguf,token_embd.weight,Q6_K,311164928,5.8006948358246575,5.836663867208068,6,6.5625,6.3631948358246575,6.399163867208068
Qwen3-1.7B-Q4_0.gguf,blk.0.attn_k.weight,Q4_0,2097152,3.754864381960334,3.7837371826171875,4,4.5,4.254864381960334,4.2837371826171875
Qwen3-1.7B-Q4_0.gguf,blk.0.attn_output.weight,Q4_0,4194304,3.762069456420449,3.7911038398742676,4,4.5,4.262069456420448,4.291103839874268
Qwen3-1.7B-Q4_0.gguf,blk.0.attn_q.weight,Q4_0,4194304,3.746186173505719,3.774611711502075,4,4.5,4.246186173505719,4.274611711502075
Qwen3-1.7B-Q4_0.gguf,blk.0.attn_v.weight,Q4_0,2097152,3.7467088902818606,3.7752132415771484,4,4.5,4.246708890281861,4.275213241577148
Qwen3-1.7B-Q4_0.gguf,blk.0.ffn_down.weight,Q4_0,12582912,3.748861277642239,3.7775461673736572,4,4.5,4.24886127764224,4.277546167373657
Qwen3-1.7B-Q4_0.gguf,blk.0.ffn_gate.weight,Q4_0,12582912,3.7535070144351703,3.7820021311442056,4,4.5,4.25350701443517,4.282002131144205
Qwen3-1.7B-Q4_0.gguf,blk.0.ffn_up.weight,Q4_0,12582912,3.751410410587214,3.7794767220815024,4,4.5,4.251410410587214,4.279476722081503
Qwen3-1.7B-Q4_0.gguf,blk.1.attn_k.weight,Q4_0,2097152,3.7519802331557757,3.7806854248046875,4,4.5,4.251980233155775,4.2806854248046875
Qwen3-1.7B-Q4_0.gguf,blk.1.attn_output.weight,Q4_0,4194304,3.759060357786895,3.788090705871582,4,4.5,4.259060357786895,4.288090705871582
Qwen3-1.7B-Q4_0.gguf,blk.1.attn_q.weight,Q4_0,4194304,3.750349028499391,3.779107093811035,4,4.5,4.250349028499391,4.279107093811035
Qwen3-1.7B-Q4_0.gguf,blk.1.attn_v.weight,Q4_0,2097152,3.7481163903842907,3.776186943054199,4,4.5,4.248116390384291,4.276186943054199
Qwen3-1.7B-Q4_0.gguf,blk.1.ffn_down.weight,Q4_0,12582912,3.674655934626644,3.7017715771993003,4,4.5,4.174655934626644,4.201771577199301
Qwen3-1.7B-Q4_0.gguf,blk.1.ffn_gate.weight,Q4_0,12582912,3.742589934579653,3.7700510025024414,4,4.5,4.242589934579653,4.270051002502441
Qwen3-1.7B-Q4_0.gguf,blk.1.ffn_up.weight,Q4_0,12582912,3.750683238601561,3.7790466944376626,4,4.5,4.250683238601561,4.279046694437662
Qwen3-1.7B-Q4_0.gguf,blk.2.attn_k.weight,Q4_0,2097152,3.7459214230204143,3.7745728492736816,4,4.5,4.245921423020414,4.274572849273682
Qwen3-1.7B-Q4_0.gguf,blk.2.attn_output.weight,Q4_0,4194304,3.765846468573312,3.795546293258667,4,4.5,4.2658464685733115,4.295546293258667
Qwen3-1.7B-Q4_0.gguf,blk.2.attn_q.weight,Q4_0,4194304,3.737330338011816,3.7656137943267822,4,4.5,4.237330338011816,4.265613794326782
Qwen3-1.7B-Q4_0.gguf,blk.2.attn_v.weight,Q4_0,2097152,3.7458985054445413,3.773881435394287,4,4.5,4.245898505444542,4.273881435394287
Qwen3-1.7B-Q4_0.gguf,blk.2.ffn_down.weight,Q4_0,12582912,3.733279661756165,3.7614548206329346,4,4.5,4.233279661756165,4.261454820632935
Qwen3-1.7B-Q4_0.gguf,blk.2.ffn_gate.weight,Q4_0,12582912,3.7644180029628704,3.7938892046610513,4,4.5,4.26441800296287,4.293889204661051
Qwen3-1.7B-Q4_0.gguf,blk.2.ffn_up.weight,Q4_0,12582912,3.755863571933815,3.784489870071411,4,4.5,4.255863571933816,4.284489870071411
Qwen3-1.7B-Q4_0.gguf,blk.3.attn_k.weight,Q4_0,2097152,3.7437151598234326,3.7718873023986816,4,4.5,4.243715159823433,4.271887302398682
Qwen3-1.7B-Q4_0.gguf,blk.3.attn_output.weight,Q4_0,4194304,3.765774977812885,3.7956044673919678,4,4.5,4.265774977812885,4.295604467391968
Qwen3-1.7B-Q4_0.gguf,blk.3.attn_q.weight,Q4_0,4194304,3.740985584643908,3.7693071365356445,4,4.5,4.240985584643909,4.2693071365356445
Qwen3-1.7B-Q4_0.gguf,blk.3.attn_v.weight,Q4_0,2097152,3.7400769459503755,3.7679567337036133,4,4.5,4.240076945950376,4.267956733703613
Qwen3-1.7B-Q4_0.gguf,blk.3.ffn_down.weight,Q4_0,12582912,3.7377777855612164,3.766178607940674,4,4.5,4.237777785561216,4.266178607940674
Qwen3-1.7B-Q4_0.gguf,blk.3.ffn_gate.weight,Q4_0,12582912,3.7648099428518083,3.794410546620687,4,4.5,4.264809942851809,4.294410546620687
Qwen3-1.7B-Q4_0.gguf,blk.3.ffn_up.weight,Q4_0,12582912,3.757403760204376,3.7860851287841797,4,4.5,4.257403760204376,4.28608512878418
Qwen3-1.7B-Q4_0.gguf,blk.4.attn_k.weight,Q4_0,2097152,3.748737483505004,3.7770209312438965,4,4.5,4.248737483505003,4.2770209312438965
Qwen3-1.7B-Q4_0.gguf,blk.4.attn_output.weight,Q4_0,4194304,3.7629385186058695,3.7926766872406006,4,4.5,4.2629385186058695,4.292676687240601
Qwen3-1.7B-Q4_0.gguf,blk.4.attn_q.weight,Q4_0,4194304,3.7496490317954905,3.778019666671753,4,4.5,4.2496490317954905,4.278019666671753
Qwen3-1.7B-Q4_0.gguf,blk.4.attn_v.weight,Q4_0,2097152,3.7415209124960773,3.7691259384155273,4,4.5,4.241520912496077,4.269125938415527
Qwen3-1.7B-Q4_0.gguf,blk.4.ffn_down.weight,Q4_0,12582912,3.735077446784986,3.763561487197876,4,4.5,4.235077446784986,4.263561487197876
Qwen3-1.7B-Q4_0.gguf,blk.4.ffn_gate.weight,Q4_0,12582912,3.7644660146237685,3.7939929167429605,4,4.5,4.2644660146237685,4.29399291674296
Qwen3-1.7B-Q4_0.gguf,blk.4.ffn_up.weight,Q4_0,12582912,3.756466124516507,3.785114844640096,4,4.5,4.256466124516507,4.285114844640097
Qwen3-1.7B-Q4_0.gguf,blk.5.attn_k.weight,Q4_0,2097152,3.752965497841557,3.7818589210510254,4,4.5,4.252965497841557,4.281858921051025
Qwen3-1.7B-Q4_0.gguf,blk.5.attn_output.weight,Q4_0,4194304,3.7666186511945083,3.7965285778045654,4,4.5,4.266618651194508,4.296528577804565
Qwen3-1.7B-Q4_0.gguf,blk.5.attn_q.weight,Q4_0,4194304,3.741908588640822,3.770066976547241,4,4.5,4.241908588640822,4.270066976547241
Qwen3-1.7B-Q4_0.gguf,blk.5.attn_v.weight,Q4_0,2097152,3.711772026283863,3.7387843132019043,4,4.5,4.211772026283863,4.238784313201904
Qwen3-1.7B-Q4_0.gguf,blk.5.ffn_down.weight,Q4_0,12582912,3.7432618884202755,3.7716700236002603,4,4.5,4.2432618884202755,4.27167002360026
Qwen3-1.7B-Q4_0.gguf,blk.5.ffn_gate.weight,Q4_0,12582912,3.760113347425877,3.789283593495687,4,4.5,4.260113347425877,4.289283593495687
Qwen3-1.7B-Q4_0.gguf,blk.5.ffn_up.weight,Q4_0,12582912,3.754394561653982,3.7829648653666177,4,4.5,4.2543945616539816,4.282964865366617
Qwen3-1.7B-Q4_0.gguf,blk.6.attn_k.weight,Q4_0,2097152,3.7492750981441025,3.778014659881592,4,4.5,4.2492750981441025,4.278014659881592
Qwen3-1.7B-Q4_0.gguf,blk.6.attn_output.weight,Q4_0,4194304,3.763525320532451,3.7932660579681396,4,4.5,4.263525320532451,4.29326605796814
Qwen3-1.7B-Q4_0.gguf,blk.6.attn_q.weight,Q4_0,4194304,3.742091533947155,3.7704317569732666,4,4.5,4.242091533947155,4.270431756973267
Qwen3-1.7B-Q4_0.gguf,blk.6.attn_v.weight,Q4_0,2097152,3.736977439979375,3.7644710540771484,4,4.5,4.236977439979375,4.264471054077148
Qwen3-1.7B-Q4_0.gguf,blk.6.ffn_down.weight,Q4_0,12582912,3.731344590739937,3.7597080071767173,4,4.5,4.231344590739937,4.259708007176718
Qwen3-1.7B-Q4_0.gguf,blk.6.ffn_gate.weight,Q4_0,12582912,3.758720324854588,3.787736256917318,4,4.5,4.258720324854588,4.287736256917318
Qwen3-1.7B-Q4_0.gguf,blk.6.ffn_up.weight,Q4_0,12582912,3.7527249509389558,3.7813027699788413,4,4.5,4.252724950938956,4.281302769978842
Qwen3-1.7B-Q4_0.gguf,blk.7.attn_k.weight,Q4_0,2097152,3.7543941834526864,3.7829370498657227,4,4.5,4.254394183452686,4.282937049865723
Qwen3-1.7B-Q4_0.gguf,blk.7.attn_output.weight,Q4_0,4194304,3.7623021611968275,3.7919435501098633,4,4.5,4.2623021611968275,4.291943550109863
Qwen3-1.7B-Q4_0.gguf,blk.7.attn_q.weight,Q4_0,4194304,3.7501175974743437,3.7785346508026123,4,4.5,4.250117597474343,4.278534650802612
Qwen3-1.7B-Q4_0.gguf,blk.7.attn_v.weight,Q4_0,2097152,3.731988371056978,3.759577751159668,4,4.5,4.231988371056978,4.259577751159668
Qwen3-1.7B-Q4_0.gguf,blk.7.ffn_down.weight,Q4_0,12582912,3.7305877650511894,3.75905442237854,4,4.5,4.230587765051189,4.25905442237854
Qwen3-1.7B-Q4_0.gguf,blk.7.ffn_gate.weight,Q4_0,12582912,3.7640105608754313,3.7935699621836343,4,4.5,4.264010560875431,4.293569962183634
Qwen3-1.7B-Q4_0.gguf,blk.7.ffn_up.weight,Q4_0,12582912,3.7536169160105093,3.7821102142333984,4,4.5,4.253616916010509,4.282110214233398
Qwen3-1.7B-Q4_0.gguf,blk.8.attn_k.weight,Q4_0,2097152,3.7423398669244436,3.770575523376465,4,4.5,4.242339866924444,4.270575523376465
Qwen3-1.7B-Q4_0.gguf,blk.8.attn_output.weight,Q4_0,4194304,3.7638429813374947,3.7934634685516357,4,4.5,4.263842981337495,4.293463468551636
Qwen3-1.7B-Q4_0.gguf,blk.8.attn_q.weight,Q4_0,4194304,3.7398461641195286,3.7680089473724365,4,4.5,4.239846164119529,4.2680089473724365
Qwen3-1.7B-Q4_0.gguf,blk.8.attn_v.weight,Q4_0,2097152,3.740646975197227,3.7683982849121094,4,4.5,4.240646975197227,4.268398284912109
Qwen3-1.7B-Q4_0.gguf,blk.8.ffn_down.weight,Q4_0,12582912,3.729442561549356,3.758011817932129,4,4.5,4.229442561549356,4.258011817932129
Qwen3-1.7B-Q4_0.gguf,blk.8.ffn_gate.weight,Q4_0,12582912,3.7597390769552095,3.788940191268921,4,4.5,4.25973907695521,4.288940191268921
Qwen3-1.7B-Q4_0.gguf,blk.8.ffn_up.weight,Q4_0,12582912,3.751246084719164,3.779735247294108,4,4.5,4.251246084719164,4.2797352472941075
Qwen3-1.7B-Q4_0.gguf,blk.9.attn_k.weight,Q4_0,2097152,3.7382135095810636,3.7662525177001953,4,4.5,4.238213509581064,4.266252517700195
Qwen3-1.7B-Q4_0.gguf,blk.9.attn_output.weight,Q4_0,4194304,3.758510921713563,3.787729024887085,4,4.5,4.2585109217135635,4.287729024887085
Qwen3-1.7B-Q4_0.gguf,blk.9.attn_q.weight,Q4_0,4194304,3.736810044716632,3.7647080421447754,4,4.5,4.236810044716632,4.264708042144775
Qwen3-1.7B-Q4_0.gguf,blk.9.attn_v.weight,Q4_0,2097152,3.7180730931278645,3.7461366653442383,4,4.5,4.218073093127865,4.246136665344238
Qwen3-1.7B-Q4_0.gguf,blk.9.ffn_down.weight,Q4_0,12582912,3.7221935057424433,3.7494356632232666,4,4.5,4.222193505742443,4.249435663223267
Qwen3-1.7B-Q4_0.gguf,blk.9.ffn_gate.weight,Q4_0,12582912,3.758386769854644,3.787446975708008,4,4.5,4.258386769854644,4.287446975708008
Qwen3-1.7B-Q4_0.gguf,blk.9.ffn_up.weight,Q4_0,12582912,3.751981180715979,3.780346949895223,4,4.5,4.251981180715979,4.280346949895224
Qwen3-1.7B-Q4_0.gguf,blk.10.attn_k.weight,Q4_0,2097152,3.75274453245805,3.781768321990967,4,4.5,4.25274453245805,4.281768321990967
Qwen3-1.7B-Q4_0.gguf,blk.10.attn_output.weight,Q4_0,4194304,3.7592391027982868,3.788346290588379,4,4.5,4.259239102798286,4.288346290588379
Qwen3-1.7B-Q4_0.gguf,blk.10.attn_q.weight,Q4_0,4194304,3.7491683643311062,3.7776269912719727,4,4.5,4.249168364331107,4.277626991271973
Qwen3-1.7B-Q4_0.gguf,blk.10.attn_v.weight,Q4_0,2097152,3.7334845884311765,3.7609572410583496,4,4.5,4.2334845884311765,4.26095724105835
Qwen3-1.7B-Q4_0.gguf,blk.10.ffn_down.weight,Q4_0,12582912,3.7030004897356488,3.7275222142537436,4,4.5,4.203000489735649,4.227522214253744
Qwen3-1.7B-Q4_0.gguf,blk.10.ffn_gate.weight,Q4_0,12582912,3.7484641345587706,3.776940186818441,4,4.5,4.248464134558771,4.276940186818441
Qwen3-1.7B-Q4_0.gguf,blk.10.ffn_up.weight,Q4_0,12582912,3.7433058369273104,3.7713701725006104,4,4.5,4.243305836927311,4.27137017250061
Qwen3-1.7B-Q4_0.gguf,blk.11.attn_k.weight,Q4_0,2097152,3.7260730432855134,3.7537736892700195,4,4.5,4.226073043285513,4.2537736892700195
Qwen3-1.7B-Q4_0.gguf,blk.11.attn_output.weight,Q4_0,4194304,3.7572405063177086,3.7861948013305664,4,4.5,4.257240506317709,4.286194801330566
Qwen3-1.7B-Q4_0.gguf,blk.11.attn_q.weight,Q4_0,4194304,3.7300775948649436,3.7575981616973877,4,4.5,4.230077594864944,4.257598161697388
Qwen3-1.7B-Q4_0.gguf,blk.11.attn_v.weight,Q4_0,2097152,3.704628918914083,3.7340755462646484,4,4.5,4.204628918914083,4.234075546264648
Qwen3-1.7B-Q4_0.gguf,blk.11.ffn_down.weight,Q4_0,12582912,3.7126087650721145,3.738253672917684,4,4.5,4.2126087650721145,4.2382536729176845
Qwen3-1.7B-Q4_0.gguf,blk.11.ffn_gate.weight,Q4_0,12582912,3.751648527418185,3.7805113792419434,4,4.5,4.251648527418185,4.280511379241943
Qwen3-1.7B-Q4_0.gguf,blk.11.ffn_up.weight,Q4_0,12582912,3.7467232362259093,3.775072971979777,4,4.5,4.246723236225909,4.275072971979776
Qwen3-1.7B-Q4_0.gguf,blk.12.attn_k.weight,Q4_0,2097152,3.7375231665856052,3.76588773727417,4,4.5,4.237523166585605,4.26588773727417
Qwen3-1.7B-Q4_0.gguf,blk.12.attn_output.weight,Q4_0,4194304,3.7595433246816645,3.788550853729248,4,4.5,4.2595433246816645,4.288550853729248
Qwen3-1.7B-Q4_0.gguf,blk.12.attn_q.weight,Q4_0,4194304,3.745325017824709,3.7736518383026123,4,4.5,4.245325017824709,4.273651838302612
Qwen3-1.7B-Q4_0.gguf,blk.12.attn_v.weight,Q4_0,2097152,3.729784412371364,3.757192611694336,4,4.5,4.229784412371364,4.257192611694336
Qwen3-1.7B-Q4_0.gguf,blk.12.ffn_down.weight,Q4_0,12582912,3.711091218384989,3.7364207108815513,4,4.5,4.211091218384989,4.236420710881552
Qwen3-1.7B-Q4_0.gguf,blk.12.ffn_gate.weight,Q4_0,12582912,3.7520013235187726,3.7807650566101074,4,4.5,4.252001323518773,4.280765056610107
Qwen3-1.7B-Q4_0.gguf,blk.12.ffn_up.weight,Q4_0,12582912,3.745040956738017,3.773374398549398,4,4.5,4.245040956738017,4.273374398549398
Qwen3-1.7B-Q4_0.gguf,blk.13.attn_k.weight,Q4_0,2097152,3.742503100746574,3.7707772254943848,4,4.5,4.242503100746574,4.270777225494385
Qwen3-1.7B-Q4_0.gguf,blk.13.attn_output.weight,Q4_0,4194304,3.757527812366182,3.7867648601531982,4,4.5,4.257527812366182,4.286764860153198
Qwen3-1.7B-Q4_0.gguf,blk.13.attn_q.weight,Q4_0,4194304,3.7483906225638126,3.776790142059326,4,4.5,4.248390622563813,4.276790142059326
Qwen3-1.7B-Q4_0.gguf,blk.13.attn_v.weight,Q4_0,2097152,3.7364980991794097,3.7640552520751953,4,4.5,4.23649809917941,4.264055252075195
Qwen3-1.7B-Q4_0.gguf,blk.13.ffn_down.weight,Q4_0,12582912,3.706821453849012,3.7314894994099936,4,4.5,4.206821453849011,4.231489499409994
Qwen3-1.7B-Q4_0.gguf,blk.13.ffn_gate.weight,Q4_0,12582912,3.7457173536081334,3.7742207050323486,4,4.5,4.245717353608134,4.274220705032349
Qwen3-1.7B-Q4_0.gguf,blk.13.ffn_up.weight,Q4_0,12582912,3.7422280763199165,3.770468552907308,4,4.5,4.2422280763199165,4.2704685529073085
Qwen3-1.7B-Q4_0.gguf,blk.14.attn_k.weight,Q4_0,2097152,3.736263622508852,3.764530658721924,4,4.5,4.236263622508853,4.264530658721924
Qwen3-1.7B-Q4_0.gguf,blk.14.attn_output.weight,Q4_0,4194304,3.7608156750198436,3.7902183532714844,4,4.5,4.260815675019844,4.290218353271484
Qwen3-1.7B-Q4_0.gguf,blk.14.attn_q.weight,Q4_0,4194304,3.7354658495829627,3.763606309890747,4,4.5,4.235465849582963,4.263606309890747
Qwen3-1.7B-Q4_0.gguf,blk.14.attn_v.weight,Q4_0,2097152,3.7302375468001214,3.75764799118042,4,4.5,4.230237546800121,4.25764799118042
Qwen3-1.7B-Q4_0.gguf,blk.14.ffn_down.weight,Q4_0,12582912,3.700931454465539,3.7249228954315186,4,4.5,4.20093145446554,4.2249228954315186
Qwen3-1.7B-Q4_0.gguf,blk.14.ffn_gate.weight,Q4_0,12582912,3.738524451214952,3.7667997678120932,4,4.5,4.238524451214952,4.266799767812094
Qwen3-1.7B-Q4_0.gguf,blk.14.ffn_up.weight,Q4_0,12582912,3.7343310902991735,3.7626233100891113,4,4.5,4.2343310902991735,4.262623310089111
Qwen3-1.7B-Q4_0.gguf,blk.15.attn_k.weight,Q4_0,2097152,3.7463650370489163,3.775012969970703,4,4.5,4.246365037048916,4.275012969970703
Qwen3-1.7B-Q4_0.gguf,blk.15.attn_output.weight,Q4_0,4194304,3.7584918560140874,3.787726879119873,4,4.5,4.258491856014087,4.287726879119873
Qwen3-1.7B-Q4_0.gguf,blk.15.attn_q.weight,Q4_0,4194304,3.739777615605649,3.7679648399353027,4,4.5,4.239777615605648,4.267964839935303
Qwen3-1.7B-Q4_0.gguf,blk.15.attn_v.weight,Q4_0,2097152,3.707708969622901,3.7353873252868652,4,4.5,4.207708969622901,4.235387325286865
Qwen3-1.7B-Q4_0.gguf,blk.15.ffn_down.weight,Q4_0,12582912,3.706617466581756,3.7313996156056723,4,4.5,4.206617466581756,4.231399615605673
Qwen3-1.7B-Q4_0.gguf,blk.15.ffn_gate.weight,Q4_0,12582912,3.7354184001489252,3.763591686884562,4,4.5,4.235418400148925,4.263591686884562
Qwen3-1.7B-Q4_0.gguf,blk.15.ffn_up.weight,Q4_0,12582912,3.7349821341893183,3.7631290753682456,4,4.5,4.234982134189318,4.263129075368246
Qwen3-1.7B-Q4_0.gguf,blk.16.attn_k.weight,Q4_0,2097152,3.7356327666363995,3.763815402984619,4,4.5,4.2356327666363995,4.263815402984619
Qwen3-1.7B-Q4_0.gguf,blk.16.attn_output.weight,Q4_0,4194304,3.759728168326332,3.788874387741089,4,4.5,4.2597281683263315,4.288874387741089
Qwen3-1.7B-Q4_0.gguf,blk.16.attn_q.weight,Q4_0,4194304,3.7320778288632805,3.759941339492798,4,4.5,4.2320778288632805,4.259941339492798
Qwen3-1.7B-Q4_0.gguf,blk.16.attn_v.weight,Q4_0,2097152,3.7167479512276715,3.7447824478149414,4,4.5,4.2167479512276715,4.244782447814941
Qwen3-1.7B-Q4_0.gguf,blk.16.ffn_down.weight,Q4_0,12582912,3.6971717342411363,3.721426010131836,4,4.5,4.197171734241136,4.221426010131836
Qwen3-1.7B-Q4_0.gguf,blk.16.ffn_gate.weight,Q4_0,12582912,3.7233753714192304,3.751240094502767,4,4.5,4.22337537141923,4.2512400945027675
Qwen3-1.7B-Q4_0.gguf,blk.16.ffn_up.weight,Q4_0,12582912,3.7177095603705292,3.745566209157308,4,4.5,4.21770956037053,4.2455662091573085
Qwen3-1.7B-Q4_0.gguf,blk.17.attn_k.weight,Q4_0,2097152,3.74715627648256,3.7759013175964355,4,4.5,4.24715627648256,4.2759013175964355
Qwen3-1.7B-Q4_0.gguf,blk.17.attn_output.weight,Q4_0,4194304,3.7560567864384273,3.7848503589630127,4,4.5,4.256056786438427,4.284850358963013
Qwen3-1.7B-Q4_0.gguf,blk.17.attn_q.weight,Q4_0,4194304,3.7218421493327556,3.749577522277832,4,4.5,4.221842149332756,4.249577522277832
Qwen3-1.7B-Q4_0.gguf,blk.17.attn_v.weight,Q4_0,2097152,3.7163429795887235,3.7446680068969727,4,4.5,4.216342979588724,4.244668006896973
Qwen3-1.7B-Q4_0.gguf,blk.17.ffn_down.weight,Q4_0,12582912,3.7167374585298134,3.743204355239868,4,4.5,4.216737458529813,4.243204355239868
Qwen3-1.7B-Q4_0.gguf,blk.17.ffn_gate.weight,Q4_0,12582912,3.7344715215093895,3.762422243754069,4,4.5,4.2344715215093895,4.262422243754068
Qwen3-1.7B-Q4_0.gguf,blk.17.ffn_up.weight,Q4_0,12582912,3.734787511233134,3.7627668380737305,4,4.5,4.234787511233134,4.2627668380737305
Qwen3-1.7B-Q4_0.gguf,blk.18.attn_k.weight,Q4_0,2097152,3.7434421577975927,3.7717599868774414,4,4.5,4.243442157797593,4.271759986877441
Qwen3-1.7B-Q4_0.gguf,blk.18.attn_output.weight,Q4_0,4194304,3.75667959407202,3.785390615463257,4,4.5,4.25667959407202,4.285390615463257
Qwen3-1.7B-Q4_0.gguf,blk.18.attn_q.weight,Q4_0,4194304,3.7300513580977217,3.75829815864563,4,4.5,4.230051358097722,4.25829815864563
Qwen3-1.7B-Q4_0.gguf,blk.18.attn_v.weight,Q4_0,2097152,3.7152786711370287,3.7432775497436523,4,4.5,4.215278671137028,4.243277549743652
Qwen3-1.7B-Q4_0.gguf,blk.18.ffn_down.weight,Q4_0,12582912,3.716760639365546,3.7432918548583984,4,4.5,4.216760639365546,4.243291854858398
Qwen3-1.7B-Q4_0.gguf,blk.18.ffn_gate.weight,Q4_0,12582912,3.7323803054829754,3.7602691650390625,4,4.5,4.232380305482975,4.2602691650390625
Qwen3-1.7B-Q4_0.gguf,blk.18.ffn_up.weight,Q4_0,12582912,3.7332390127941695,3.7611915270487466,4,4.5,4.2332390127941695,4.261191527048746
Qwen3-1.7B-Q4_0.gguf,blk.19.attn_k.weight,Q4_0,2097152,3.739637443608392,3.767789363861084,4,4.5,4.239637443608392,4.267789363861084
Qwen3-1.7B-Q4_0.gguf,blk.19.attn_output.weight,Q4_0,4194304,3.7572843704119494,3.7859792709350586,4,4.5,4.257284370411949,4.285979270935059
Qwen3-1.7B-Q4_0.gguf,blk.19.attn_q.weight,Q4_0,4194304,3.7268218690619284,3.755038261413574,4,4.5,4.226821869061928,4.255038261413574
Qwen3-1.7B-Q4_0.gguf,blk.19.attn_v.weight,Q4_0,2097152,3.6811192901319227,3.707019805908203,4,4.5,4.181119290131923,4.207019805908203
Qwen3-1.7B-Q4_0.gguf,blk.19.ffn_down.weight,Q4_0,12582912,3.708552364752676,3.73416805267334,4,4.5,4.208552364752676,4.23416805267334
Qwen3-1.7B-Q4_0.gguf,blk.19.ffn_gate.weight,Q4_0,12582912,3.7279217996576026,3.755828301111857,4,4.5,4.227921799657603,4.2558283011118565
Qwen3-1.7B-Q4_0.gguf,blk.19.ffn_up.weight,Q4_0,12582912,3.7289902386204417,3.7567736307779946,4,4.5,4.228990238620442,4.256773630777994
Qwen3-1.7B-Q4_0.gguf,blk.20.attn_k.weight,Q4_0,2097152,3.725192076534163,3.752985954284668,4,4.5,4.225192076534163,4.252985954284668
Qwen3-1.7B-Q4_0.gguf,blk.20.attn_output.weight,Q4_0,4194304,3.753367493533979,3.781939744949341,4,4.5,4.253367493533979,4.281939744949341
Qwen3-1.7B-Q4_0.gguf,blk.20.attn_q.weight,Q4_0,4194304,3.703645891628403,3.7292089462280273,4,4.5,4.203645891628403,4.229208946228027
Qwen3-1.7B-Q4_0.gguf,blk.20.attn_v.weight,Q4_0,2097152,3.6680976785142803,3.693126678466797,4,4.5,4.168097678514281,4.193126678466797
Qwen3-1.7B-Q4_0.gguf,blk.20.ffn_down.weight,Q4_0,12582912,3.722025430991274,3.7496305306752524,4,4.5,4.222025430991274,4.249630530675253
Qwen3-1.7B-Q4_0.gguf,blk.20.ffn_gate.weight,Q4_0,12582912,3.736060123473649,3.7641493479410806,4,4.5,4.236060123473649,4.26414934794108
Qwen3-1.7B-Q4_0.gguf,blk.20.ffn_up.weight,Q4_0,12582912,3.738266336733787,3.766357739766439,4,4.5,4.238266336733787,4.266357739766439
Qwen3-1.7B-Q4_0.gguf,blk.21.attn_k.weight,Q4_0,2097152,3.736475662385713,3.7641520500183105,4,4.5,4.236475662385713,4.2641520500183105
Qwen3-1.7B-Q4_0.gguf,blk.21.attn_output.weight,Q4_0,4194304,3.7558204365790315,3.784526824951172,4,4.5,4.2558204365790315,4.284526824951172
Qwen3-1.7B-Q4_0.gguf,blk.21.attn_q.weight,Q4_0,4194304,3.723061951760613,3.750520706176758,4,4.5,4.223061951760613,4.250520706176758
Qwen3-1.7B-Q4_0.gguf,blk.21.attn_v.weight,Q4_0,2097152,3.6803384084320383,3.7065911293029785,4,4.5,4.180338408432038,4.2065911293029785
Qwen3-1.7B-Q4_0.gguf,blk.21.ffn_down.weight,Q4_0,12582912,3.7367850835249325,3.7650487422943115,4,4.5,4.236785083524932,4.2650487422943115
Qwen3-1.7B-Q4_0.gguf,blk.21.ffn_gate.weight,Q4_0,12582912,3.7488959424322723,3.777547756830851,4,4.5,4.248895942432272,4.277547756830851
Qwen3-1.7B-Q4_0.gguf,blk.21.ffn_up.weight,Q4_0,12582912,3.74649120463031,3.7751128673553467,4,4.5,4.24649120463031,4.275112867355347
Qwen3-1.7B-Q4_0.gguf,blk.22.attn_k.weight,Q4_0,2097152,3.7334867033361423,3.761068820953369,4,4.5,4.233486703336142,4.261068820953369
Qwen3-1.7B-Q4_0.gguf,blk.22.attn_output.weight,Q4_0,4194304,3.763341668392818,3.792572259902954,4,4.5,4.263341668392818,4.292572259902954
Qwen3-1.7B-Q4_0.gguf,blk.22.attn_q.weight,Q4_0,4194304,3.7198522597421873,3.747440814971924,4,4.5,4.219852259742187,4.247440814971924
Qwen3-1.7B-Q4_0.gguf,blk.22.attn_v.weight,Q4_0,2097152,3.6925440802461766,3.720345973968506,4,4.5,4.192544080246177,4.220345973968506
Qwen3-1.7B-Q4_0.gguf,blk.22.ffn_down.weight,Q4_0,12582912,3.7492602833609876,3.7779584725697837,4,4.5,4.249260283360988,4.277958472569784
Qwen3-1.7B-Q4_0.gguf,blk.22.ffn_gate.weight,Q4_0,12582912,3.7577482907279394,3.7869250774383545,4,4.5,4.257748290727939,4.2869250774383545
Qwen3-1.7B-Q4_0.gguf,blk.22.ffn_up.weight,Q4_0,12582912,3.753920448562912,3.782769759496053,4,4.5,4.253920448562912,4.282769759496054
Qwen3-1.7B-Q4_0.gguf,blk.23.attn_k.weight,Q4_0,2097152,3.7256866815535807,3.753159999847412,4,4.5,4.225686681553581,4.253159999847412
Qwen3-1.7B-Q4_0.gguf,blk.23.attn_output.weight,Q4_0,4194304,3.7605319570249316,3.789700746536255,4,4.5,4.260531957024932,4.289700746536255
Qwen3-1.7B-Q4_0.gguf,blk.23.attn_q.weight,Q4_0,4194304,3.7206020581258605,3.748366355895996,4,4.5,4.220602058125861,4.248366355895996
Qwen3-1.7B-Q4_0.gguf,blk.23.attn_v.weight,Q4_0,2097152,3.6856306568501176,3.712887763977051,4,4.5,4.185630656850117,4.212887763977051
Qwen3-1.7B-Q4_0.gguf,blk.23.ffn_down.weight,Q4_0,12582912,3.754769146672956,3.7837475140889487,4,4.5,4.254769146672956,4.283747514088949
Qwen3-1.7B-Q4_0.gguf,blk.23.ffn_gate.weight,Q4_0,12582912,3.764217680189497,3.7938551902770996,4,4.5,4.264217680189497,4.2938551902771
Qwen3-1.7B-Q4_0.gguf,blk.23.ffn_up.weight,Q4_0,12582912,3.7594059654191705,3.7884908517201743,4,4.5,4.2594059654191705,4.288490851720175
Qwen3-1.7B-Q4_0.gguf,blk.24.attn_k.weight,Q4_0,2097152,3.7207864139088014,3.748408317565918,4,4.5,4.220786413908801,4.248408317565918
Qwen3-1.7B-Q4_0.gguf,blk.24.attn_output.weight,Q4_0,4194304,3.760407355718028,3.7896182537078857,4,4.5,4.260407355718028,4.289618253707886
Qwen3-1.7B-Q4_0.gguf,blk.24.attn_q.weight,Q4_0,4194304,3.7085697594470135,3.7351863384246826,4,4.5,4.2085697594470135,4.235186338424683
Qwen3-1.7B-Q4_0.gguf,blk.24.attn_v.weight,Q4_0,2097152,3.6942666145011525,3.7241015434265137,4,4.5,4.194266614501153,4.224101543426514
Qwen3-1.7B-Q4_0.gguf,blk.24.ffn_down.weight,Q4_0,12582912,3.756011846464927,3.7851880391438804,4,4.5,4.2560118464649275,4.285188039143881
Qwen3-1.7B-Q4_0.gguf,blk.24.ffn_gate.weight,Q4_0,12582912,3.7646544831726523,3.7942350705464682,4,4.5,4.264654483172652,4.294235070546469
Qwen3-1.7B-Q4_0.gguf,blk.24.ffn_up.weight,Q4_0,12582912,3.7609658964005197,3.7901060581207275,4,4.5,4.26096589640052,4.2901060581207275
Qwen3-1.7B-Q4_0.gguf,blk.25.attn_k.weight,Q4_0,2097152,3.7201789713337385,3.7479443550109863,4,4.5,4.2201789713337385,4.247944355010986
Qwen3-1.7B-Q4_0.gguf,blk.25.attn_output.weight,Q4_0,4194304,3.7619754056289687,3.79074764251709,4,4.5,4.261975405628968,4.29074764251709
Qwen3-1.7B-Q4_0.gguf,blk.25.attn_q.weight,Q4_0,4194304,3.710639232823387,3.738312005996704,4,4.5,4.210639232823387,4.238312005996704
Qwen3-1.7B-Q4_0.gguf,blk.25.attn_v.weight,Q4_0,2097152,3.7028841003969832,3.7326865196228027,4,4.5,4.202884100396983,4.232686519622803
Qwen3-1.7B-Q4_0.gguf,blk.25.ffn_down.weight,Q4_0,12582912,3.7556524077485465,3.784625848134359,4,4.5,4.2556524077485465,4.284625848134359
Qwen3-1.7B-Q4_0.gguf,blk.25.ffn_gate.weight,Q4_0,12582912,3.764036451515036,3.793651024500529,4,4.5,4.264036451515036,4.293651024500528
Qwen3-1.7B-Q4_0.gguf,blk.25.ffn_up.weight,Q4_0,12582912,3.760670307870085,3.789767583211263,4,4.5,4.260670307870085,4.289767583211264
Qwen3-1.7B-Q4_0.gguf,blk.26.attn_k.weight,Q4_0,2097152,3.7273730179643727,3.755216121673584,4,4.5,4.227373017964373,4.255216121673584
Qwen3-1.7B-Q4_0.gguf,blk.26.attn_output.weight,Q4_0,4194304,3.7615022957465567,3.790787696838379,4,4.5,4.261502295746556,4.290787696838379
Qwen3-1.7B-Q4_0.gguf,blk.26.attn_q.weight,Q4_0,4194304,3.7114024221279083,3.739316940307617,4,4.5,4.211402422127908,4.239316940307617
Qwen3-1.7B-Q4_0.gguf,blk.26.attn_v.weight,Q4_0,2097152,3.7255129035938643,3.7528295516967773,4,4.5,4.225512903593865,4.252829551696777
Qwen3-1.7B-Q4_0.gguf,blk.26.ffn_down.weight,Q4_0,12582912,3.7520464162065137,3.7806514898935952,4,4.5,4.252046416206514,4.280651489893595
Qwen3-1.7B-Q4_0.gguf,blk.26.ffn_gate.weight,Q4_0,12582912,3.7619061543439503,3.79123854637146,4,4.5,4.261906154343951,4.29123854637146
Qwen3-1.7B-Q4_0.gguf,blk.26.ffn_up.weight,Q4_0,12582912,3.76013610244353,3.789170026779175,4,4.5,4.26013610244353,4.289170026779175
Qwen3-1.7B-Q4_0.gguf,blk.27.attn_k.weight,Q4_0,2097152,3.760353063997625,3.7898035049438477,4,4.5,4.260353063997625,4.289803504943848
Qwen3-1.7B-Q4_0.gguf,blk.27.attn_output.weight,Q4_0,4194304,3.767026570292339,3.796393632888794,4,4.5,4.267026570292339,4.296393632888794
Qwen3-1.7B-Q4_0.gguf,blk.27.attn_q.weight,Q4_0,4194304,3.75783093094642,3.786851406097412,4,4.5,4.257830930946421,4.286851406097412
Qwen3-1.7B-Q4_0.gguf,blk.27.attn_v.weight,Q4_0,2097152,3.7411939637385694,3.768723964691162,4,4.5,4.241193963738569,4.268723964691162
Qwen3-1.7B-Q4_0.gguf,blk.27.ffn_down.weight,Q4_0,12582912,3.7188741058733132,3.7463200092315674,4,4.5,4.218874105873313,4.246320009231567
Qwen3-1.7B-Q4_0.gguf,blk.27.ffn_gate.weight,Q4_0,12582912,3.764966660052706,3.7945048809051514,4,4.5,4.264966660052706,4.294504880905151
Qwen3-1.7B-Q4_0.gguf,blk.27.ffn_up.weight,Q4_0,12582912,3.763038232054912,3.792085647583008,4,4.5,4.263038232054912,4.292085647583008
qwen3-1.7b-q4_k_m.gguf,token_embd.weight,Q6_K,311164928,5.8006948358246575,5.836663867208068,6,6.5625,6.3631948358246575,6.399163867208068
qwen3-1.7b-q4_k_m.gguf,blk.0.attn_k.weight,Q4_K,2097152,3.862642082912277,3.900521755218506,4,4.5,4.362642082912277,4.400521755218506
qwen3-1.7b-q4_k_m.gguf,blk.0.attn_output.weight,Q4_K,4194304,3.864283161759236,3.9023709297180176,4,4.5,4.364283161759236,4.402370929718018
qwen3-1.7b-q4_k_m.gguf,blk.0.attn_q.weight,Q4_K,4194304,3.86295017235597,3.9006881713867188,4,4.5,4.36295017235597,4.400688171386719
qwen3-1.7b-q4_k_m.gguf,blk.0.attn_v.weight,Q6_K,2097152,5.783825444478492,5.817896842956543,6,6.5625,6.346325444478492,6.380396842956543
qwen3-1.7b-q4_k_m.gguf,blk.0.ffn_down.weight,Q6_K,12582912,5.784928879976835,5.819839636484782,6,6.5625,6.347428879976835,6.382339636484782
qwen3-1.7b-q4_k_m.gguf,blk.0.ffn_gate.weight,Q4_K,12582912,3.8614652957921693,3.8984851837158203,4,4.5,4.361465295792169,4.39848518371582
qwen3-1.7b-q4_k_m.gguf,blk.0.ffn_up.weight,Q4_K,12582912,3.859029852278578,3.8959642251332602,4,4.5,4.359029852278578,4.395964225133261
qwen3-1.7b-q4_k_m.gguf,blk.1.attn_k.weight,Q4_K,2097152,3.863034129601045,3.900890350341797,4,4.5,4.363034129601045,4.400890350341797
qwen3-1.7b-q4_k_m.gguf,blk.1.attn_output.weight,Q4_K,4194304,3.8647244935192395,3.902834415435791,4,4.5,4.3647244935192395,4.402834415435791
qwen3-1.7b-q4_k_m.gguf,blk.1.attn_q.weight,Q4_K,4194304,3.8623449157067102,3.8999838829040527,4,4.5,4.362344915706711,4.399983882904053
qwen3-1.7b-q4_k_m.gguf,blk.1.attn_v.weight,Q6_K,2097152,5.783917410333284,5.817263603210449,6,6.5625,6.346417410333284,6.379763603210449
qwen3-1.7b-q4_k_m.gguf,blk.1.ffn_down.weight,Q6_K,12582912,5.725612650486314,5.7503383954366045,6,6.5625,6.288112650486314,6.3128383954366045
qwen3-1.7b-q4_k_m.gguf,blk.1.ffn_gate.weight,Q4_K,12582912,3.876537414646082,3.9156946341196694,4,4.5,4.376537414646082,4.415694634119669
qwen3-1.7b-q4_k_m.gguf,blk.1.ffn_up.weight,Q4_K,12582912,3.8633695732499085,3.900867780049642,4,4.5,4.3633695732499085,4.4008677800496425
qwen3-1.7b-q4_k_m.gguf,blk.2.attn_k.weight,Q4_K,2097152,3.8606573296347806,3.898167610168457,4,4.5,4.360657329634781,4.398167610168457
qwen3-1.7b-q4_k_m.gguf,blk.2.attn_output.weight,Q4_K,4194304,3.867309788722205,3.9055707454681396,4,4.5,4.3673097887222045,4.40557074546814
qwen3-1.7b-q4_k_m.gguf,blk.2.attn_q.weight,Q4_K,4194304,3.8586486493350898,3.896080493927002,4,4.5,4.358648649335089,4.396080493927002
qwen3-1.7b-q4_k_m.gguf,blk.2.attn_v.weight,Q6_K,2097152,5.781845332744277,5.815173149108887,6,6.5625,6.344345332744277,6.377673149108887
qwen3-1.7b-q4_k_m.gguf,blk.2.ffn_down.weight,Q6_K,12582912,5.774760881354354,5.807703415552775,6,6.5625,6.337260881354354,6.370203415552775
qwen3-1.7b-q4_k_m.gguf,blk.2.ffn_gate.weight,Q4_K,12582912,3.8666549543487667,3.9045113722483316,4,4.5,4.366654954348767,4.404511372248331
qwen3-1.7b-q4_k_m.gguf,blk.2.ffn_up.weight,Q4_K,12582912,3.862209830865812,3.8997437953948975,4,4.5,4.362209830865812,4.3997437953948975
qwen3-1.7b-q4_k_m.gguf,blk.3.attn_k.weight,Q4_K,2097152,3.8612662882110502,3.898458480834961,4,4.5,4.36126628821105,4.398458480834961
qwen3-1.7b-q4_k_m.gguf,blk.3.attn_output.weight,Q4_K,4194304,3.8659312319702557,3.903856039047241,4,4.5,4.365931231970256,4.403856039047241
qwen3-1.7b-q4_k_m.gguf,blk.3.attn_q.weight,Q4_K,4194304,3.860213779696922,3.897681474685669,4,4.5,4.360213779696922,4.397681474685669
qwen3-1.7b-q4_k_m.gguf,blk.3.attn_v.weight,Q4_K,2097152,3.8545107379295525,3.8912277221679688,4,4.5,4.3545107379295525,4.391227722167969
qwen3-1.7b-q4_k_m.gguf,blk.3.ffn_down.weight,Q4_K,12582912,3.856924534387653,3.894735097885132,4,4.5,4.3569245343876535,4.394735097885132
qwen3-1.7b-q4_k_m.gguf,blk.3.ffn_gate.weight,Q4_K,12582912,3.866683925898627,3.904778560002645,4,4.5,4.366683925898627,4.4047785600026454
qwen3-1.7b-q4_k_m.gguf,blk.3.ffn_up.weight,Q4_K,12582912,3.8624690931398877,3.900094906489054,4,4.5,4.362469093139888,4.400094906489054
qwen3-1.7b-q4_k_m.gguf,blk.4.attn_k.weight,Q4_K,2097152,3.8634764428367814,3.9013333320617676,4,4.5,4.363476442836781,4.401333332061768
qwen3-1.7b-q4_k_m.gguf,blk.4.attn_output.weight,Q4_K,4194304,3.865079785288424,3.9029619693756104,4,4.5,4.365079785288424,4.40296196937561
qwen3-1.7b-q4_k_m.gguf,blk.4.attn_q.weight,Q4_K,4194304,3.8636170599835893,3.901474952697754,4,4.5,4.363617059983589,4.401474952697754
qwen3-1.7b-q4_k_m.gguf,blk.4.attn_v.weight,Q4_K,2097152,3.85481346393956,3.892049789428711,4,4.5,4.354813463939561,4.392049789428711
qwen3-1.7b-q4_k_m.gguf,blk.4.ffn_down.weight,Q4_K,12582912,3.8578995304646786,3.89581036567688,4,4.5,4.357899530464678,4.39581036567688
qwen3-1.7b-q4_k_m.gguf,blk.4.ffn_gate.weight,Q4_K,12582912,3.8674488048909454,3.9056175549825034,4,4.5,4.3674488048909454,4.405617554982504
qwen3-1.7b-q4_k_m.gguf,blk.4.ffn_up.weight,Q4_K,12582912,3.862046519161408,3.8994878133138022,4,4.5,4.362046519161408,4.399487813313803
qwen3-1.7b-q4_k_m.gguf,blk.5.attn_k.weight,Q4_K,2097152,3.8615299631104434,3.8987808227539062,4,4.5,4.361529963110444,4.398780822753906
qwen3-1.7b-q4_k_m.gguf,blk.5.attn_output.weight,Q4_K,4194304,3.8665816241920345,3.9047131538391113,4,4.5,4.366581624192035,4.404713153839111
qwen3-1.7b-q4_k_m.gguf,blk.5.attn_q.weight,Q4_K,4194304,3.8590952061364905,3.8964154720306396,4,4.5,4.359095206136491,4.39641547203064
qwen3-1.7b-q4_k_m.gguf,blk.5.attn_v.weight,Q6_K,2097152,5.760315319614874,5.789576530456543,6,6.5625,6.322815319614874,6.352076530456543
qwen3-1.7b-q4_k_m.gguf,blk.5.ffn_down.weight,Q6_K,12582912,5.781358381003293,5.81565523147583,6,6.5625,6.343858381003293,6.37815523147583
qwen3-1.7b-q4_k_m.gguf,blk.5.ffn_gate.weight,Q4_K,12582912,3.866539148576777,3.9046756426493325,4,4.5,4.366539148576777,4.404675642649332
qwen3-1.7b-q4_k_m.gguf,blk.5.ffn_up.weight,Q4_K,12582912,3.8621441822897,3.8998254934946694,4,4.5,4.3621441822897005,4.399825493494669
qwen3-1.7b-q4_k_m.gguf,blk.6.attn_k.weight,Q4_K,2097152,3.8620605251644227,3.9000282287597656,4,4.5,4.362060525164423,4.400028228759766
qwen3-1.7b-q4_k_m.gguf,blk.6.attn_output.weight,Q4_K,4194304,3.865185345741782,3.9032318592071533,4,4.5,4.365185345741782,4.403231859207153
qwen3-1.7b-q4_k_m.gguf,blk.6.attn_q.weight,Q4_K,4194304,3.8604049145667934,3.8979310989379883,4,4.5,4.360404914566793,4.397931098937988
qwen3-1.7b-q4_k_m.gguf,blk.6.attn_v.weight,Q4_K,2097152,3.8525909650425065,3.8890342712402344,4,4.5,4.3525909650425065,4.389034271240234
qwen3-1.7b-q4_k_m.gguf,blk.6.ffn_down.weight,Q4_K,12582912,3.8594431647803704,3.8974631627400718,4,4.5,4.35944316478037,4.397463162740072
qwen3-1.7b-q4_k_m.gguf,blk.6.ffn_gate.weight,Q4_K,12582912,3.8659523658860637,3.9039811293284097,4,4.5,4.365952365886064,4.403981129328409
qwen3-1.7b-q4_k_m.gguf,blk.6.ffn_up.weight,Q4_K,12582912,3.8603405662505352,3.8976062138875327,4,4.5,4.360340566250535,4.397606213887533
qwen3-1.7b-q4_k_m.gguf,blk.7.attn_k.weight,Q4_K,2097152,3.863088894458517,3.9004573822021484,4,4.5,4.363088894458517,4.400457382202148
qwen3-1.7b-q4_k_m.gguf,blk.7.attn_output.weight,Q4_K,4194304,3.864790702961029,3.9028565883636475,4,4.5,4.364790702961029,4.4028565883636475
qwen3-1.7b-q4_k_m.gguf,blk.7.attn_q.weight,Q4_K,4194304,3.8640581116234576,3.902134656906128,4,4.5,4.364058111623457,4.402134656906128
qwen3-1.7b-q4_k_m.gguf,blk.7.attn_v.weight,Q4_K,2097152,3.8519979838437157,3.8887553215026855,4,4.5,4.351997983843716,4.3887553215026855
qwen3-1.7b-q4_k_m.gguf,blk.7.ffn_down.weight,Q4_K,12582912,3.8558632530501593,3.8936375776926675,4,4.5,4.35586325305016,4.393637577692667
qwen3-1.7b-q4_k_m.gguf,blk.7.ffn_gate.weight,Q4_K,12582912,3.8666661983277493,3.904857794443766,4,4.5,4.366666198327749,4.404857794443766
qwen3-1.7b-q4_k_m.gguf,blk.7.ffn_up.weight,Q4_K,12582912,3.8611355296792844,3.8985884189605713,4,4.5,4.361135529679284,4.398588418960571
qwen3-1.7b-q4_k_m.gguf,blk.8.attn_k.weight,Q4_K,2097152,3.862671931014104,3.9005093574523926,4,4.5,4.362671931014104,4.400509357452393
qwen3-1.7b-q4_k_m.gguf,blk.8.attn_output.weight,Q4_K,4194304,3.865056070130391,3.903244733810425,4,4.5,4.365056070130391,4.403244733810425
qwen3-1.7b-q4_k_m.gguf,blk.8.attn_q.weight,Q4_K,4194304,3.8621667685796552,3.900042772293091,4,4.5,4.362166768579655,4.400042772293091
qwen3-1.7b-q4_k_m.gguf,blk.8.attn_v.weight,Q6_K,2097152,5.777274754995089,5.809475421905518,6,6.5625,6.339774754995089,6.371975421905518
qwen3-1.7b-q4_k_m.gguf,blk.8.ffn_down.weight,Q6_K,12582912,5.771782782037364,5.804836591084798,6,6.5625,6.334282782037364,6.367336591084798
qwen3-1.7b-q4_k_m.gguf,blk.8.ffn_gate.weight,Q4_K,12582912,3.865370667370028,3.903580665588379,4,4.5,4.365370667370028,4.403580665588379
qwen3-1.7b-q4_k_m.gguf,blk.8.ffn_up.weight,Q4_K,12582912,3.860299121329983,3.8976286252339682,4,4.5,4.360299121329983,4.397628625233969
qwen3-1.7b-q4_k_m.gguf,blk.9.attn_k.weight,Q4_K,2097152,3.8604792457208363,3.89772367477417,4,4.5,4.360479245720836,4.39772367477417
qwen3-1.7b-q4_k_m.gguf,blk.9.attn_output.weight,Q4_K,4194304,3.8628183097276043,3.900656223297119,4,4.5,4.362818309727604,4.400656223297119
qwen3-1.7b-q4_k_m.gguf,blk.9.attn_q.weight,Q4_K,4194304,3.859864720942019,3.897242546081543,4,4.5,4.359864720942019,4.397242546081543
qwen3-1.7b-q4_k_m.gguf,blk.9.attn_v.weight,Q4_K,2097152,3.8444149841454442,3.8806939125061035,4,4.5,4.344414984145445,4.3806939125061035
qwen3-1.7b-q4_k_m.gguf,blk.9.ffn_down.weight,Q4_K,12582912,3.853765143362758,3.8914995193481445,4,4.5,4.353765143362758,4.3914995193481445
qwen3-1.7b-q4_k_m.gguf,blk.9.ffn_gate.weight,Q4_K,12582912,3.864800429028971,3.902848482131958,4,4.5,4.364800429028971,4.402848482131958
qwen3-1.7b-q4_k_m.gguf,blk.9.ffn_up.weight,Q4_K,12582912,3.860998061784689,3.8985350926717124,4,4.5,4.360998061784689,4.398535092671713
qwen3-1.7b-q4_k_m.gguf,blk.10.attn_k.weight,Q4_K,2097152,3.8619031154146333,3.899538516998291,4,4.5,4.361903115414633,4.399538516998291
qwen3-1.7b-q4_k_m.gguf,blk.10.attn_output.weight,Q4_K,4194304,3.8638757591535557,3.901880979537964,4,4.5,4.363875759153556,4.401880979537964
qwen3-1.7b-q4_k_m.gguf,blk.10.attn_q.weight,Q4_K,4194304,3.862023627263396,3.899651527404785,4,4.5,4.362023627263396,4.399651527404785
qwen3-1.7b-q4_k_m.gguf,blk.10.attn_v.weight,Q4_K,2097152,3.850818979017572,3.8876447677612305,4,4.5,4.350818979017572,4.3876447677612305
qwen3-1.7b-q4_k_m.gguf,blk.10.ffn_down.weight,Q4_K,12582912,3.8512771898298572,3.888952652613322,4,4.5,4.351277189829857,4.388952652613321
qwen3-1.7b-q4_k_m.gguf,blk.10.ffn_gate.weight,Q4_K,12582912,3.8628959952105943,3.9006637732187905,4,4.5,4.362895995210595,4.40066377321879
qwen3-1.7b-q4_k_m.gguf,blk.10.ffn_up.weight,Q4_K,12582912,3.8604193524135897,3.8979002634684243,4,4.5,4.36041935241359,4.397900263468424
qwen3-1.7b-q4_k_m.gguf,blk.11.attn_k.weight,Q4_K,2097152,3.854610776090696,3.8912057876586914,4,4.5,4.354610776090696,4.391205787658691
qwen3-1.7b-q4_k_m.gguf,blk.11.attn_output.weight,Q4_K,4194304,3.8635201851294347,3.9014711380004883,4,4.5,4.363520185129435,4.401471138000488
qwen3-1.7b-q4_k_m.gguf,blk.11.attn_q.weight,Q4_K,4194304,3.852824553108943,3.88913631439209,4,4.5,4.352824553108944,4.38913631439209
qwen3-1.7b-q4_k_m.gguf,blk.11.attn_v.weight,Q6_K,2097152,5.751518459486421,5.779379844665527,6,6.5625,6.314018459486421,6.341879844665527
qwen3-1.7b-q4_k_m.gguf,blk.11.ffn_down.weight,Q6_K,12582912,5.76051034052037,5.792216221491496,6,6.5625,6.32301034052037,6.354716221491496
qwen3-1.7b-q4_k_m.gguf,blk.11.ffn_gate.weight,Q4_K,12582912,3.8628127894130864,3.900848388671875,4,4.5,4.362812789413086,4.400848388671875
qwen3-1.7b-q4_k_m.gguf,blk.11.ffn_up.weight,Q4_K,12582912,3.859075664899244,3.8967604637145996,4,4.5,4.359075664899244,4.3967604637146
qwen3-1.7b-q4_k_m.gguf,blk.12.attn_k.weight,Q4_K,2097152,3.8588868174484974,3.896951198577881,4,4.5,4.358886817448497,4.396951198577881
qwen3-1.7b-q4_k_m.gguf,blk.12.attn_output.weight,Q4_K,4194304,3.863505837635805,3.9016332626342773,4,4.5,4.363505837635805,4.401633262634277
qwen3-1.7b-q4_k_m.gguf,blk.12.attn_q.weight,Q4_K,4194304,3.8602305231679637,3.897697925567627,4,4.5,4.360230523167964,4.397697925567627
qwen3-1.7b-q4_k_m.gguf,blk.12.attn_v.weight,Q4_K,2097152,3.8507075234417902,3.887784481048584,4,4.5,4.35070752344179,4.387784481048584
qwen3-1.7b-q4_k_m.gguf,blk.12.ffn_down.weight,Q4_K,12582912,3.850711789469414,3.8887956142425537,4,4.5,4.350711789469414,4.388795614242554
qwen3-1.7b-q4_k_m.gguf,blk.12.ffn_gate.weight,Q4_K,12582912,3.8623717889596767,3.900268793106079,4,4.5,4.362371788959677,4.400268793106079
qwen3-1.7b-q4_k_m.gguf,blk.12.ffn_up.weight,Q4_K,12582912,3.8589255375037412,3.8963284492492676,4,4.5,4.358925537503741,4.396328449249268
qwen3-1.7b-q4_k_m.gguf,blk.13.attn_k.weight,Q4_K,2097152,3.8603399742739137,3.8976998329162598,4,4.5,4.360339974273914,4.39769983291626
qwen3-1.7b-q4_k_m.gguf,blk.13.attn_output.weight,Q4_K,4194304,3.863563519124911,3.901563882827759,4,4.5,4.363563519124911,4.401563882827759
qwen3-1.7b-q4_k_m.gguf,blk.13.attn_q.weight,Q4_K,4194304,3.860199595460491,3.897637367248535,4,4.5,4.360199595460491,4.397637367248535
qwen3-1.7b-q4_k_m.gguf,blk.13.attn_v.weight,Q4_K,2097152,3.852835556199889,3.889400005340576,4,4.5,4.352835556199889,4.389400005340576
qwen3-1.7b-q4_k_m.gguf,blk.13.ffn_down.weight,Q4_K,12582912,3.849982528385294,3.8880637486775718,4,4.5,4.3499825283852935,4.388063748677572
qwen3-1.7b-q4_k_m.gguf,blk.13.ffn_gate.weight,Q4_K,12582912,3.860393590813993,3.8981740474700928,4,4.5,4.3603935908139935,4.398174047470093
qwen3-1.7b-q4_k_m.gguf,blk.13.ffn_up.weight,Q4_K,12582912,3.857028381760886,3.894413948059082,4,4.5,4.357028381760886,4.394413948059082
qwen3-1.7b-q4_k_m.gguf,blk.14.attn_k.weight,Q4_K,2097152,3.8584503611585004,3.8961033821105957,4,4.5,4.3584503611585,4.396103382110596
qwen3-1.7b-q4_k_m.gguf,blk.14.attn_output.weight,Q4_K,4194304,3.8638822163296114,3.901942014694214,4,4.5,4.363882216329611,4.401942014694214
qwen3-1.7b-q4_k_m.gguf,blk.14.attn_q.weight,Q4_K,4194304,3.857541445737865,3.8950929641723633,4,4.5,4.357541445737866,4.395092964172363
qwen3-1.7b-q4_k_m.gguf,blk.14.attn_v.weight,Q6_K,2097152,5.769403145903942,5.800222396850586,6,6.5625,6.331903145903942,6.362722396850586
qwen3-1.7b-q4_k_m.gguf,blk.14.ffn_down.weight,Q6_K,12582912,5.753489072545169,5.784157037734985,6,6.5625,6.315989072545169,6.346657037734985
qwen3-1.7b-q4_k_m.gguf,blk.14.ffn_gate.weight,Q4_K,12582912,3.858031944138702,3.8956196308135986,4,4.5,4.358031944138702,4.395619630813599
qwen3-1.7b-q4_k_m.gguf,blk.14.ffn_up.weight,Q4_K,12582912,3.854765596230187,3.8919944763183594,4,4.5,4.354765596230187,4.391994476318359
qwen3-1.7b-q4_k_m.gguf,blk.15.attn_k.weight,Q4_K,2097152,3.8593901404674362,3.896679401397705,4,4.5,4.359390140467436,4.396679401397705
qwen3-1.7b-q4_k_m.gguf,blk.15.attn_output.weight,Q4_K,4194304,3.8635996205954326,3.901581048965454,4,4.5,4.363599620595433,4.401581048965454
qwen3-1.7b-q4_k_m.gguf,blk.15.attn_q.weight,Q4_K,4194304,3.858124443980375,3.89544677734375,4,4.5,4.358124443980374,4.39544677734375
qwen3-1.7b-q4_k_m.gguf,blk.15.attn_v.weight,Q4_K,2097152,3.8492647079614515,3.8854408264160156,4,4.5,4.349264707961451,4.385440826416016
qwen3-1.7b-q4_k_m.gguf,blk.15.ffn_down.weight,Q4_K,12582912,3.8524913119793034,3.8905131816864014,4,4.5,4.352491311979303,4.390513181686401
qwen3-1.7b-q4_k_m.gguf,blk.15.ffn_gate.weight,Q4_K,12582912,3.858019578748093,3.895508050918579,4,4.5,4.3580195787480935,4.395508050918579
qwen3-1.7b-q4_k_m.gguf,blk.15.ffn_up.weight,Q4_K,12582912,3.855551123069355,3.892990509668986,4,4.5,4.355551123069355,4.392990509668985
qwen3-1.7b-q4_k_m.gguf,blk.16.attn_k.weight,Q4_K,2097152,3.855144354994967,3.892219066619873,4,4.5,4.355144354994967,4.392219066619873
qwen3-1.7b-q4_k_m.gguf,blk.16.attn_output.weight,Q4_K,4194304,3.864127110847817,3.902045488357544,4,4.5,4.364127110847817,4.402045488357544
qwen3-1.7b-q4_k_m.gguf,blk.16.attn_q.weight,Q4_K,4194304,3.8565184348854897,3.8936026096343994,4,4.5,4.35651843488549,4.393602609634399
qwen3-1.7b-q4_k_m.gguf,blk.16.attn_v.weight,Q4_K,2097152,3.845038674389141,3.8816113471984863,4,4.5,4.345038674389141,4.381611347198486
qwen3-1.7b-q4_k_m.gguf,blk.16.ffn_down.weight,Q4_K,12582912,3.8560093092927046,3.893618901570638,4,4.5,4.356009309292705,4.393618901570639
qwen3-1.7b-q4_k_m.gguf,blk.16.ffn_gate.weight,Q4_K,12582912,3.8527787187252702,3.889582633972168,4,4.5,4.35277871872527,4.389582633972168
qwen3-1.7b-q4_k_m.gguf,blk.16.ffn_up.weight,Q4_K,12582912,3.852970398818978,3.889610449473063,4,4.5,4.352970398818978,4.389610449473063
qwen3-1.7b-q4_k_m.gguf,blk.17.attn_k.weight,Q4_K,2097152,3.8606263576910145,3.8978896141052246,4,4.5,4.3606263576910145,4.397889614105225
qwen3-1.7b-q4_k_m.gguf,blk.17.attn_output.weight,Q4_K,4194304,3.861881647687425,3.899427652359009,4,4.5,4.361881647687425,4.399427652359009
qwen3-1.7b-q4_k_m.gguf,blk.17.attn_q.weight,Q4_K,4194304,3.8513720153676982,3.8887581825256348,4,4.5,4.351372015367698,4.388758182525635
qwen3-1.7b-q4_k_m.gguf,blk.17.attn_v.weight,Q6_K,2097152,5.761331983177836,5.790370464324951,6,6.5625,6.323831983177836,6.352870464324951
qwen3-1.7b-q4_k_m.gguf,blk.17.ffn_down.weight,Q6_K,12582912,5.766039542050941,5.798766692479451,6,6.5625,6.328539542050941,6.361266692479451
qwen3-1.7b-q4_k_m.gguf,blk.17.ffn_gate.weight,Q4_K,12582912,3.8594241836939203,3.8969531853993735,4,4.5,4.35942418369392,4.396953185399374
qwen3-1.7b-q4_k_m.gguf,blk.17.ffn_up.weight,Q4_K,12582912,3.856079406469568,3.8936241467793784,4,4.5,4.3560794064695685,4.393624146779379
qwen3-1.7b-q4_k_m.gguf,blk.18.attn_k.weight,Q4_K,2097152,3.8590363280805646,3.8962693214416504,4,4.5,4.359036328080565,4.39626932144165
qwen3-1.7b-q4_k_m.gguf,blk.18.attn_output.weight,Q4_K,4194304,3.862744440015375,3.900679111480713,4,4.5,4.3627444400153745,4.400679111480713
qwen3-1.7b-q4_k_m.gguf,blk.18.attn_q.weight,Q4_K,4194304,3.8524953955486287,3.8897314071655273,4,4.5,4.352495395548629,4.389731407165527
qwen3-1.7b-q4_k_m.gguf,blk.18.attn_v.weight,Q4_K,2097152,3.8481338098100366,3.884868621826172,4,4.5,4.348133809810037,4.384868621826172
qwen3-1.7b-q4_k_m.gguf,blk.18.ffn_down.weight,Q4_K,12582912,3.8586115187463035,3.896567980448405,4,4.5,4.3586115187463035,4.396567980448404
qwen3-1.7b-q4_k_m.gguf,blk.18.ffn_gate.weight,Q4_K,12582912,3.859535553598616,3.8968892097473145,4,4.5,4.359535553598616,4.3968892097473145
qwen3-1.7b-q4_k_m.gguf,blk.18.ffn_up.weight,Q4_K,12582912,3.8553846980115263,3.8926454385121665,4,4.5,4.355384698011527,4.392645438512167
qwen3-1.7b-q4_k_m.gguf,blk.19.attn_k.weight,Q4_K,2097152,3.8568871314378,3.8938846588134766,4,4.5,4.3568871314378,4.393884658813477
qwen3-1.7b-q4_k_m.gguf,blk.19.attn_output.weight,Q4_K,4194304,3.8623627233367577,3.900378465652466,4,4.5,4.362362723336758,4.400378465652466
qwen3-1.7b-q4_k_m.gguf,blk.19.attn_q.weight,Q4_K,4194304,3.8519633815834107,3.889017105102539,4,4.5,4.351963381583411,4.389017105102539
qwen3-1.7b-q4_k_m.gguf,blk.19.attn_v.weight,Q4_K,2097152,3.851893653479621,3.8882384300231934,4,4.5,4.351893653479621,4.388238430023193
qwen3-1.7b-q4_k_m.gguf,blk.19.ffn_down.weight,Q4_K,12582912,3.857013369812161,3.8947411378224692,4,4.5,4.357013369812162,4.39474113782247
qwen3-1.7b-q4_k_m.gguf,blk.19.ffn_gate.weight,Q4_K,12582912,3.857682583304637,3.8951476414998374,4,4.5,4.357682583304637,4.395147641499838
qwen3-1.7b-q4_k_m.gguf,blk.19.ffn_up.weight,Q4_K,12582912,3.8559520467384134,3.8931841055552163,4,4.5,4.355952046738413,4.393184105555216
qwen3-1.7b-q4_k_m.gguf,blk.20.attn_k.weight,Q4_K,2097152,3.8534908383099653,3.8906569480895996,4,4.5,4.353490838309965,4.3906569480896
qwen3-1.7b-q4_k_m.gguf,blk.20.attn_output.weight,Q4_K,4194304,3.8608742975033103,3.8987386226654053,4,4.5,4.36087429750331,4.398738622665405
qwen3-1.7b-q4_k_m.gguf,blk.20.attn_q.weight,Q4_K,4194304,3.8444770104711727,3.8812615871429443,4,4.5,4.344477010471173,4.381261587142944
qwen3-1.7b-q4_k_m.gguf,blk.20.attn_v.weight,Q6_K,2097152,5.733097553670431,5.758975028991699,6,6.5625,6.295597553670431,6.321475028991699
qwen3-1.7b-q4_k_m.gguf,blk.20.ffn_down.weight,Q6_K,12582912,5.769114797522404,5.801703055699666,6,6.5625,6.331614797522404,6.364203055699666
qwen3-1.7b-q4_k_m.gguf,blk.20.ffn_gate.weight,Q4_K,12582912,3.859177469050459,3.8966448307037354,4,4.5,4.35917746905046,4.396644830703735
qwen3-1.7b-q4_k_m.gguf,blk.20.ffn_up.weight,Q4_K,12582912,3.857399514151406,3.8948033650716147,4,4.5,4.357399514151406,4.394803365071615
qwen3-1.7b-q4_k_m.gguf,blk.21.attn_k.weight,Q4_K,2097152,3.8543161173277545,3.8914079666137695,4,4.5,4.3543161173277545,4.3914079666137695
qwen3-1.7b-q4_k_m.gguf,blk.21.attn_output.weight,Q4_K,4194304,3.8610329750070567,3.8985419273376465,4,4.5,4.361032975007056,4.3985419273376465
qwen3-1.7b-q4_k_m.gguf,blk.21.attn_q.weight,Q4_K,4194304,3.84855962421946,3.8852407932281494,4,4.5,4.34855962421946,4.385240793228149
qwen3-1.7b-q4_k_m.gguf,blk.21.attn_v.weight,Q4_K,2097152,3.8440323897169915,3.880551338195801,4,4.5,4.3440323897169915,4.380551338195801
qwen3-1.7b-q4_k_m.gguf,blk.21.ffn_down.weight,Q4_K,12582912,3.8632066554943654,3.901090939839681,4,4.5,4.363206655494365,4.401090939839682
qwen3-1.7b-q4_k_m.gguf,blk.21.ffn_gate.weight,Q4_K,12582912,3.8624681293224468,3.900340954462687,4,4.5,4.362468129322447,4.400340954462687
qwen3-1.7b-q4_k_m.gguf,blk.21.ffn_up.weight,Q4_K,12582912,3.8600453876325913,3.897645632425944,4,4.5,4.360045387632591,4.397645632425943
qwen3-1.7b-q4_k_m.gguf,blk.22.attn_k.weight,Q4_K,2097152,3.858013714171153,3.8951544761657715,4,4.5,4.358013714171153,4.3951544761657715
qwen3-1.7b-q4_k_m.gguf,blk.22.attn_output.weight,Q4_K,4194304,3.864228634436036,3.9019460678100586,4,4.5,4.364228634436036,4.401946067810059
qwen3-1.7b-q4_k_m.gguf,blk.22.attn_q.weight,Q4_K,4194304,3.8489484712292876,3.8856916427612305,4,4.5,4.348948471229288,4.3856916427612305
qwen3-1.7b-q4_k_m.gguf,blk.22.attn_v.weight,Q4_K,2097152,3.8429125636031913,3.8788647651672363,4,4.5,4.342912563603191,4.378864765167236
qwen3-1.7b-q4_k_m.gguf,blk.22.ffn_down.weight,Q4_K,12582912,3.865801159889007,3.903893788655599,4,4.5,4.365801159889007,4.4038937886555996
qwen3-1.7b-q4_k_m.gguf,blk.22.ffn_gate.weight,Q4_K,12582912,3.865035571760136,3.9029231866200766,4,4.5,4.365035571760136,4.402923186620077
qwen3-1.7b-q4_k_m.gguf,blk.22.ffn_up.weight,Q4_K,12582912,3.8619572026344247,3.899622996648153,4,4.5,4.361957202634425,4.399622996648153
qwen3-1.7b-q4_k_m.gguf,blk.23.attn_k.weight,Q4_K,2097152,3.8568613066901434,3.894176483154297,4,4.5,4.356861306690144,4.394176483154297
qwen3-1.7b-q4_k_m.gguf,blk.23.attn_output.weight,Q4_K,4194304,3.8642575645600843,3.9020438194274902,4,4.5,4.364257564560084,4.40204381942749
qwen3-1.7b-q4_k_m.gguf,blk.23.attn_q.weight,Q4_K,4194304,3.852411964215447,3.8893377780914307,4,4.5,4.352411964215447,4.389337778091431
qwen3-1.7b-q4_k_m.gguf,blk.23.attn_v.weight,Q6_K,2097152,5.739147828599926,5.7654805183410645,6,6.5625,6.301647828599926,6.3279805183410645
qwen3-1.7b-q4_k_m.gguf,blk.23.ffn_down.weight,Q6_K,12582912,5.79117860729851,5.827622810999553,6,6.5625,6.35367860729851,6.390122810999553
qwen3-1.7b-q4_k_m.gguf,blk.23.ffn_gate.weight,Q4_K,12582912,3.866778095227189,3.9047492345174155,4,4.5,4.366778095227189,4.404749234517416
qwen3-1.7b-q4_k_m.gguf,blk.23.ffn_up.weight,Q4_K,12582912,3.8633248070865482,3.9011502265930176,4,4.5,4.363324807086548,4.401150226593018
qwen3-1.7b-q4_k_m.gguf,blk.24.attn_k.weight,Q4_K,2097152,3.8580214342975405,3.895073890686035,4,4.5,4.358021434297541,4.395073890686035
qwen3-1.7b-q4_k_m.gguf,blk.24.attn_output.weight,Q4_K,4194304,3.86367526973579,3.9018661975860596,4,4.5,4.36367526973579,4.40186619758606
qwen3-1.7b-q4_k_m.gguf,blk.24.attn_q.weight,Q4_K,4194304,3.8516315860370733,3.8883280754089355,4,4.5,4.351631586037073,4.3883280754089355
qwen3-1.7b-q4_k_m.gguf,blk.24.attn_v.weight,Q6_K,2097152,5.743019668983912,5.769931316375732,6,6.5625,6.305519668983912,6.332431316375732
qwen3-1.7b-q4_k_m.gguf,blk.24.ffn_down.weight,Q6_K,12582912,5.791821673990185,5.828300555547078,6,6.5625,6.354321673990185,6.390800555547078
qwen3-1.7b-q4_k_m.gguf,blk.24.ffn_gate.weight,Q4_K,12582912,3.866813971886411,3.904874563217163,4,4.5,4.366813971886411,4.404874563217163
qwen3-1.7b-q4_k_m.gguf,blk.24.ffn_up.weight,Q4_K,12582912,3.8640127099957184,3.901726325352987,4,4.5,4.364012709995718,4.401726325352987
qwen3-1.7b-q4_k_m.gguf,blk.25.attn_k.weight,Q4_K,2097152,3.8573372575079277,3.894155979156494,4,4.5,4.357337257507927,4.394155979156494
qwen3-1.7b-q4_k_m.gguf,blk.25.attn_output.weight,Q4_K,4194304,3.864004265440708,3.9019665718078613,4,4.5,4.364004265440708,4.401966571807861
qwen3-1.7b-q4_k_m.gguf,blk.25.attn_q.weight,Q4_K,4194304,3.8524861559609747,3.8890037536621094,4,4.5,4.352486155960975,4.389003753662109
qwen3-1.7b-q4_k_m.gguf,blk.25.attn_v.weight,Q6_K,2097152,5.748198695705121,5.775850296020508,6,6.5625,6.310698695705121,6.338350296020508
qwen3-1.7b-q4_k_m.gguf,blk.25.ffn_down.weight,Q6_K,12582912,5.791285613578086,5.827548821767171,6,6.5625,6.353785613578086,6.390048821767171
qwen3-1.7b-q4_k_m.gguf,blk.25.ffn_gate.weight,Q4_K,12582912,3.8665788907255676,3.9046057860056558,4,4.5,4.366578890725568,4.404605786005655
qwen3-1.7b-q4_k_m.gguf,blk.25.ffn_up.weight,Q4_K,12582912,3.8637063640774003,3.9013458093007407,4,4.5,4.3637063640774,4.401345809300741
qwen3-1.7b-q4_k_m.gguf,blk.26.attn_k.weight,Q4_K,2097152,3.859961566631492,3.897150993347168,4,4.5,4.359961566631492,4.397150993347168
qwen3-1.7b-q4_k_m.gguf,blk.26.attn_output.weight,Q4_K,4194304,3.863845608673798,3.9018163681030273,4,4.5,4.363845608673798,4.401816368103027
qwen3-1.7b-q4_k_m.gguf,blk.26.attn_q.weight,Q4_K,4194304,3.8534536632463166,3.88950777053833,4,4.5,4.3534536632463166,4.38950777053833
qwen3-1.7b-q4_k_m.gguf,blk.26.attn_v.weight,Q6_K,2097152,5.768323161033262,5.797815322875977,6,6.5625,6.330823161033262,6.360315322875977
qwen3-1.7b-q4_k_m.gguf,blk.26.ffn_down.weight,Q6_K,12582912,5.788873080733216,5.824498732884725,6,6.5625,6.351373080733216,6.386998732884725
qwen3-1.7b-q4_k_m.gguf,blk.26.ffn_gate.weight,Q4_K,12582912,3.866269160195049,3.9041685263315835,4,4.5,4.366269160195049,4.404168526331583
qwen3-1.7b-q4_k_m.gguf,blk.26.ffn_up.weight,Q4_K,12582912,3.863265690737518,3.9006590048472085,4,4.5,4.363265690737518,4.400659004847208
qwen3-1.7b-q4_k_m.gguf,blk.27.attn_k.weight,Q4_K,2097152,3.8645627587439866,3.9025144577026367,4,4.5,4.364562758743986,4.402514457702637
qwen3-1.7b-q4_k_m.gguf,blk.27.attn_output.weight,Q4_K,4194304,3.865919218472647,3.903864860534668,4,4.5,4.365919218472647,4.403864860534668
qwen3-1.7b-q4_k_m.gguf,blk.27.attn_q.weight,Q4_K,4194304,3.864234422351811,3.901592254638672,4,4.5,4.364234422351811,4.401592254638672
qwen3-1.7b-q4_k_m.gguf,blk.27.attn_v.weight,Q6_K,2097152,5.776845979408282,5.808322906494141,6,6.5625,6.339345979408282,6.370822906494141
qwen3-1.7b-q4_k_m.gguf,blk.27.ffn_down.weight,Q6_K,12582912,5.7689105868015,5.800606807072957,6,6.5625,6.3314105868015,6.363106807072957
qwen3-1.7b-q4_k_m.gguf,blk.27.ffn_gate.weight,Q4_K,12582912,3.865938467259668,3.9036781787872314,4,4.5,4.365938467259668,4.4036781787872314
qwen3-1.7b-q4_k_m.gguf,blk.27.ffn_up.weight,Q4_K,12582912,3.8639042524630165,3.90133007367452,4,4.5,4.3639042524630165,4.4013300736745204
qwen3-1.7b-q6_k.gguf,token_embd.weight,Q6_K,311164928,5.8006948358246575,5.836663867208068,6,6.5625,6.3631948358246575,6.399163867208068
qwen3-1.7b-q6_k.gguf,blk.0.attn_k.weight,Q6_K,2097152,5.789507446326935,5.824925422668457,6,6.5625,6.352007446326935,6.387425422668457
qwen3-1.7b-q6_k.gguf,blk.0.attn_output.weight,Q6_K,4194304,5.794357094976634,5.830493450164795,6,6.5625,6.356857094976634,6.392993450164795
qwen3-1.7b-q6_k.gguf,blk.0.attn_q.weight,Q6_K,4194304,5.785010287901615,5.819549083709717,6,6.5625,6.347510287901615,6.382049083709717
qwen3-1.7b-q6_k.gguf,blk.0.attn_v.weight,Q6_K,2097152,5.783825444478492,5.817896842956543,6,6.5625,6.346325444478492,6.380396842956543
qwen3-1.7b-q6_k.gguf,blk.0.ffn_down.weight,Q6_K,12582912,5.784928879976835,5.819839636484782,6,6.5625,6.347428879976835,6.382339636484782
qwen3-1.7b-q6_k.gguf,blk.0.ffn_gate.weight,Q6_K,12582912,5.78704683176777,5.820557594299316,6,6.5625,6.34954683176777,6.383057594299316
qwen3-1.7b-q6_k.gguf,blk.0.ffn_up.weight,Q6_K,12582912,5.78492528124024,5.817803780237834,6,6.5625,6.34742528124024,6.380303780237834
qwen3-1.7b-q6_k.gguf,blk.1.attn_k.weight,Q6_K,2097152,5.7886835137701835,5.823629379272461,6,6.5625,6.3511835137701835,6.386129379272461
qwen3-1.7b-q6_k.gguf,blk.1.attn_output.weight,Q6_K,4194304,5.791762067224294,5.827611923217773,6,6.5625,6.354262067224294,6.390111923217773
qwen3-1.7b-q6_k.gguf,blk.1.attn_q.weight,Q6_K,4194304,5.787125248520706,5.821920871734619,6,6.5625,6.349625248520706,6.384420871734619
qwen3-1.7b-q6_k.gguf,blk.1.attn_v.weight,Q6_K,2097152,5.783917410333284,5.817263603210449,6,6.5625,6.346417410333284,6.379763603210449
qwen3-1.7b-q6_k.gguf,blk.1.ffn_down.weight,Q6_K,12582912,5.725612650486314,5.7503383954366045,6,6.5625,6.288112650486314,6.3128383954366045
qwen3-1.7b-q6_k.gguf,blk.1.ffn_gate.weight,Q6_K,12582912,5.784514493845444,5.817324717839559,6,6.5625,6.347014493845444,6.379824717839559
qwen3-1.7b-q6_k.gguf,blk.1.ffn_up.weight,Q6_K,12582912,5.788294652447737,5.822827974955241,6,6.5625,6.350794652447737,6.385327974955241
qwen3-1.7b-q6_k.gguf,blk.2.attn_k.weight,Q6_K,2097152,5.7846569390661156,5.819338798522949,6,6.5625,6.3471569390661156,6.381838798522949
qwen3-1.7b-q6_k.gguf,blk.2.attn_output.weight,Q6_K,4194304,5.796588938673093,5.833681583404541,6,6.5625,6.359088938673093,6.396181583404541
qwen3-1.7b-q6_k.gguf,blk.2.attn_q.weight,Q6_K,4194304,5.779061946938994,5.812519550323486,6,6.5625,6.341561946938994,6.375019550323486
qwen3-1.7b-q6_k.gguf,blk.2.attn_v.weight,Q6_K,2097152,5.781845332744277,5.815173149108887,6,6.5625,6.344345332744277,6.377673149108887
qwen3-1.7b-q6_k.gguf,blk.2.ffn_down.weight,Q6_K,12582912,5.774760881354354,5.807703415552775,6,6.5625,6.337260881354354,6.370203415552775
qwen3-1.7b-q6_k.gguf,blk.2.ffn_gate.weight,Q6_K,12582912,5.796245728392885,5.832817951838176,6,6.5625,6.358745728392885,6.395317951838176
qwen3-1.7b-q6_k.gguf,blk.2.ffn_up.weight,Q6_K,12582912,5.790644737690318,5.825549920399983,6,6.5625,6.353144737690318,6.388049920399983
qwen3-1.7b-q6_k.gguf,blk.3.attn_k.weight,Q6_K,2097152,5.783314277264104,5.8171000480651855,6,6.5625,6.345814277264104,6.3796000480651855
qwen3-1.7b-q6_k.gguf,blk.3.attn_output.weight,Q6_K,4194304,5.796223777438557,5.833491563796997,6,6.5625,6.358723777438557,6.395991563796997
qwen3-1.7b-q6_k.gguf,blk.3.attn_q.weight,Q6_K,4194304,5.7815648958098995,5.815385103225708,6,6.5625,6.3440648958098995,6.377885103225708
qwen3-1.7b-q6_k.gguf,blk.3.attn_v.weight,Q6_K,2097152,5.777134232824167,5.809316635131836,6,6.5625,6.339634232824167,6.371816635131836
qwen3-1.7b-q6_k.gguf,blk.3.ffn_down.weight,Q6_K,12582912,5.77634947910545,5.810011863708496,6,6.5625,6.33884947910545,6.372511863708496
qwen3-1.7b-q6_k.gguf,blk.3.ffn_gate.weight,Q6_K,12582912,5.79665750684779,5.8335475126902265,6,6.5625,6.35915750684779,6.3960475126902265
qwen3-1.7b-q6_k.gguf,blk.3.ffn_up.weight,Q6_K,12582912,5.791491276805463,5.826707124710083,6,6.5625,6.353991276805463,6.389207124710083
qwen3-1.7b-q6_k.gguf,blk.4.attn_k.weight,Q6_K,2097152,5.786850952331923,5.821470260620117,6,6.5625,6.349350952331923,6.383970260620117
qwen3-1.7b-q6_k.gguf,blk.4.attn_output.weight,Q6_K,4194304,5.794220707090362,5.831233978271484,6,6.5625,6.356720707090362,6.393733978271484
qwen3-1.7b-q6_k.gguf,blk.4.attn_q.weight,Q6_K,4194304,5.787908971410918,5.8226306438446045,6,6.5625,6.350408971410918,6.3851306438446045
qwen3-1.7b-q6_k.gguf,blk.4.attn_v.weight,Q6_K,2097152,5.778465228154236,5.810715675354004,6,6.5625,6.340965228154236,6.373215675354004
qwen3-1.7b-q6_k.gguf,blk.4.ffn_down.weight,Q6_K,12582912,5.77551041802758,5.809129397074382,6,6.5625,6.33801041802758,6.371629397074382
qwen3-1.7b-q6_k.gguf,blk.4.ffn_gate.weight,Q6_K,12582912,5.79665124363282,5.833393414815267,6,6.5625,6.35915124363282,6.395893414815267
qwen3-1.7b-q6_k.gguf,blk.4.ffn_up.weight,Q6_K,12582912,5.790529325428706,5.825597047805786,6,6.5625,6.353029325428706,6.388097047805786
qwen3-1.7b-q6_k.gguf,blk.5.attn_k.weight,Q6_K,2097152,5.788213481034973,5.823288440704346,6,6.5625,6.350713481034973,6.385788440704346
qwen3-1.7b-q6_k.gguf,blk.5.attn_output.weight,Q6_K,4194304,5.797171955430228,5.8345115184783936,6,6.5625,6.359671955430228,6.3970115184783936
qwen3-1.7b-q6_k.gguf,blk.5.attn_q.weight,Q6_K,4194304,5.780939992631415,5.814703464508057,6,6.5625,6.343439992631415,6.377203464508057
qwen3-1.7b-q6_k.gguf,blk.5.attn_v.weight,Q6_K,2097152,5.760315319614874,5.789576530456543,6,6.5625,6.322815319614874,6.352076530456543
qwen3-1.7b-q6_k.gguf,blk.5.ffn_down.weight,Q6_K,12582912,5.781358381003293,5.81565523147583,6,6.5625,6.343858381003293,6.37815523147583
qwen3-1.7b-q6_k.gguf,blk.5.ffn_gate.weight,Q6_K,12582912,5.793763337179792,5.830037593841553,6,6.5625,6.356263337179792,6.392537593841553
qwen3-1.7b-q6_k.gguf,blk.5.ffn_up.weight,Q6_K,12582912,5.7886056203245975,5.823440869649251,6,6.5625,6.3511056203245975,6.385940869649251
qwen3-1.7b-q6_k.gguf,blk.6.attn_k.weight,Q6_K,2097152,5.786992608526532,5.822325229644775,6,6.5625,6.349492608526532,6.384825229644775
qwen3-1.7b-q6_k.gguf,blk.6.attn_output.weight,Q6_K,4194304,5.795438130669851,5.8322577476501465,6,6.5625,6.357938130669851,6.3947577476501465
qwen3-1.7b-q6_k.gguf,blk.6.attn_q.weight,Q6_K,4194304,5.782433331855131,5.816520690917969,6,6.5625,6.344933331855131,6.379020690917969
qwen3-1.7b-q6_k.gguf,blk.6.attn_v.weight,Q6_K,2097152,5.773727043920212,5.804888725280762,6,6.5625,6.336227043920212,6.367388725280762
qwen3-1.7b-q6_k.gguf,blk.6.ffn_down.weight,Q6_K,12582912,5.773470735129134,5.8067028522491455,6,6.5625,6.335970735129134,6.3692028522491455
qwen3-1.7b-q6_k.gguf,blk.6.ffn_gate.weight,Q6_K,12582912,5.792680084326722,5.8284750779469805,6,6.5625,6.355180084326722,6.3909750779469805
qwen3-1.7b-q6_k.gguf,blk.6.ffn_up.weight,Q6_K,12582912,5.78718484845813,5.82189679145813,6,6.5625,6.34968484845813,6.38439679145813
qwen3-1.7b-q6_k.gguf,blk.7.attn_k.weight,Q6_K,2097152,5.790563131094696,5.825965881347656,6,6.5625,6.353063131094696,6.388465881347656
qwen3-1.7b-q6_k.gguf,blk.7.attn_output.weight,Q6_K,4194304,5.793726930975819,5.830393075942993,6,6.5625,6.356226930975819,6.392893075942993
qwen3-1.7b-q6_k.gguf,blk.7.attn_q.weight,Q6_K,4194304,5.788628483825115,5.823784351348877,6,6.5625,6.351128483825115,6.386284351348877
qwen3-1.7b-q6_k.gguf,blk.7.attn_v.weight,Q6_K,2097152,5.770531272442975,5.801514148712158,6,6.5625,6.333031272442975,6.364014148712158
qwen3-1.7b-q6_k.gguf,blk.7.ffn_down.weight,Q6_K,12582912,5.772572125315214,5.80566422144572,6,6.5625,6.335072125315214,6.36816422144572
qwen3-1.7b-q6_k.gguf,blk.7.ffn_gate.weight,Q6_K,12582912,5.795819473004119,5.8325746059417725,6,6.5625,6.358319473004119,6.3950746059417725
qwen3-1.7b-q6_k.gguf,blk.7.ffn_up.weight,Q6_K,12582912,5.788027256905075,5.8227314949035645,6,6.5625,6.350527256905075,6.3852314949035645
qwen3-1.7b-q6_k.gguf,blk.8.attn_k.weight,Q6_K,2097152,5.78249545821758,5.816359996795654,6,6.5625,6.34499545821758,6.378859996795654
qwen3-1.7b-q6_k.gguf,blk.8.attn_output.weight,Q6_K,4194304,5.79508384083891,5.831883907318115,6,6.5625,6.35758384083891,6.394383907318115
qwen3-1.7b-q6_k.gguf,blk.8.attn_q.weight,Q6_K,4194304,5.78126847766867,5.815143823623657,6,6.5625,6.34376847766867,6.377643823623657
qwen3-1.7b-q6_k.gguf,blk.8.attn_v.weight,Q6_K,2097152,5.777274754995089,5.809475421905518,6,6.5625,6.339774754995089,6.371975421905518
qwen3-1.7b-q6_k.gguf,blk.8.ffn_down.weight,Q6_K,12582912,5.771782782037364,5.804836591084798,6,6.5625,6.334282782037364,6.367336591084798
qwen3-1.7b-q6_k.gguf,blk.8.ffn_gate.weight,Q6_K,12582912,5.792919635293851,5.829183578491211,6,6.5625,6.355419635293851,6.391683578491211
qwen3-1.7b-q6_k.gguf,blk.8.ffn_up.weight,Q6_K,12582912,5.78631408039185,5.820821921030681,6,6.5625,6.34881408039185,6.383321921030681
qwen3-1.7b-q6_k.gguf,blk.9.attn_k.weight,Q6_K,2097152,5.779561444954263,5.812271595001221,6,6.5625,6.342061444954263,6.374771595001221
qwen3-1.7b-q6_k.gguf,blk.9.attn_output.weight,Q6_K,4194304,5.7913311951175475,5.827194690704346,6,6.5625,6.3538311951175475,6.389694690704346
qwen3-1.7b-q6_k.gguf,blk.9.attn_q.weight,Q6_K,4194304,5.779234148711658,5.812258720397949,6,6.5625,6.341734148711658,6.374758720397949
qwen3-1.7b-q6_k.gguf,blk.9.attn_v.weight,Q6_K,2097152,5.7593727268454264,5.788391590118408,6,6.5625,6.3218727268454264,6.350891590118408
qwen3-1.7b-q6_k.gguf,blk.9.ffn_down.weight,Q6_K,12582912,5.766614770668118,5.798885107040405,6,6.5625,6.329114770668118,6.361385107040405
qwen3-1.7b-q6_k.gguf,blk.9.ffn_gate.weight,Q6_K,12582912,5.792015394195826,5.827972412109375,6,6.5625,6.354515394195826,6.390472412109375
qwen3-1.7b-q6_k.gguf,blk.9.ffn_up.weight,Q6_K,12582912,5.787049331312753,5.821717182795207,6,6.5625,6.349549331312753,6.384217182795207
qwen3-1.7b-q6_k.gguf,blk.10.attn_k.weight,Q6_K,2097152,5.7902303722053245,5.826076984405518,6,6.5625,6.3527303722053245,6.388576984405518
qwen3-1.7b-q6_k.gguf,blk.10.attn_output.weight,Q6_K,4194304,5.7908886498583225,5.826910495758057,6,6.5625,6.3533886498583225,6.389410495758057
qwen3-1.7b-q6_k.gguf,blk.10.attn_q.weight,Q6_K,4194304,5.78827874477005,5.822893381118774,6,6.5625,6.35077874477005,6.385393381118774
qwen3-1.7b-q6_k.gguf,blk.10.attn_v.weight,Q6_K,2097152,5.773011906513118,5.804564952850342,6,6.5625,6.335511906513118,6.367064952850342
qwen3-1.7b-q6_k.gguf,blk.10.ffn_down.weight,Q6_K,12582912,5.754270639693551,5.7845518589019775,6,6.5625,6.316770639693551,6.3470518589019775
qwen3-1.7b-q6_k.gguf,blk.10.ffn_gate.weight,Q6_K,12582912,5.785074430822395,5.819376468658447,6,6.5625,6.347574430822395,6.381876468658447
qwen3-1.7b-q6_k.gguf,blk.10.ffn_up.weight,Q6_K,12582912,5.781257017388727,5.814824183781941,6,6.5625,6.343757017388727,6.377324183781941
qwen3-1.7b-q6_k.gguf,blk.11.attn_k.weight,Q6_K,2097152,5.769387784902198,5.799944877624512,6,6.5625,6.331887784902198,6.362444877624512
qwen3-1.7b-q6_k.gguf,blk.11.attn_output.weight,Q6_K,4194304,5.791062408442087,5.827191114425659,6,6.5625,6.353562408442087,6.389691114425659
qwen3-1.7b-q6_k.gguf,blk.11.attn_q.weight,Q6_K,4194304,5.7712500482325915,5.80151629447937,6,6.5625,6.3337500482325915,6.36401629447937
qwen3-1.7b-q6_k.gguf,blk.11.attn_v.weight,Q6_K,2097152,5.751518459486421,5.779379844665527,6,6.5625,6.314018459486421,6.341879844665527
qwen3-1.7b-q6_k.gguf,blk.11.ffn_down.weight,Q6_K,12582912,5.76051034052037,5.792216221491496,6,6.5625,6.32301034052037,6.354716221491496
qwen3-1.7b-q6_k.gguf,blk.11.ffn_gate.weight,Q6_K,12582912,5.787337544582979,5.822610378265381,6,6.5625,6.349837544582979,6.385110378265381
qwen3-1.7b-q6_k.gguf,blk.11.ffn_up.weight,Q6_K,12582912,5.782929700872341,5.817008097966512,6,6.5625,6.345429700872341,6.379508097966512
qwen3-1.7b-q6_k.gguf,blk.12.attn_k.weight,Q6_K,2097152,5.780035622594005,5.8141350746154785,6,6.5625,6.342535622594005,6.3766350746154785
qwen3-1.7b-q6_k.gguf,blk.12.attn_output.weight,Q6_K,4194304,5.79190206013343,5.827651023864746,6,6.5625,6.35440206013343,6.390151023864746
qwen3-1.7b-q6_k.gguf,blk.12.attn_q.weight,Q6_K,4194304,5.7844996572468945,5.818770408630371,6,6.5625,6.3469996572468945,6.381270408630371
qwen3-1.7b-q6_k.gguf,blk.12.attn_v.weight,Q6_K,2097152,5.770412340756428,5.801516056060791,6,6.5625,6.332912340756428,6.364016056060791
qwen3-1.7b-q6_k.gguf,blk.12.ffn_down.weight,Q6_K,12582912,5.759811543954793,5.791415691375732,6,6.5625,6.322311543954793,6.353915691375732
qwen3-1.7b-q6_k.gguf,blk.12.ffn_gate.weight,Q6_K,12582912,5.7873885678235935,5.8224921226501465,6,6.5625,6.3498885678235935,6.3849921226501465
qwen3-1.7b-q6_k.gguf,blk.12.ffn_up.weight,Q6_K,12582912,5.782020758613755,5.815904378890991,6,6.5625,6.344520758613755,6.378404378890991
qwen3-1.7b-q6_k.gguf,blk.13.attn_k.weight,Q6_K,2097152,5.784228054984958,5.818767070770264,6,6.5625,6.346728054984958,6.381267070770264
qwen3-1.7b-q6_k.gguf,blk.13.attn_output.weight,Q6_K,4194304,5.791180724960734,5.826963186264038,6,6.5625,6.353680724960734,6.389463186264038
qwen3-1.7b-q6_k.gguf,blk.13.attn_q.weight,Q6_K,4194304,5.786724608600641,5.821383237838745,6,6.5625,6.349224608600641,6.383883237838745
qwen3-1.7b-q6_k.gguf,blk.13.attn_v.weight,Q6_K,2097152,5.774818557507805,5.8066301345825195,6,6.5625,6.337318557507805,6.3691301345825195
qwen3-1.7b-q6_k.gguf,blk.13.ffn_down.weight,Q6_K,12582912,5.757457062449005,5.788880904515584,6,6.5625,6.319957062449005,6.351380904515584
qwen3-1.7b-q6_k.gguf,blk.13.ffn_gate.weight,Q6_K,12582912,5.782840755720393,5.817349672317505,6,6.5625,6.345340755720393,6.379849672317505
qwen3-1.7b-q6_k.gguf,blk.13.ffn_up.weight,Q6_K,12582912,5.77937856928227,5.8130403359731035,6,6.5625,6.34187856928227,6.3755403359731035
qwen3-1.7b-q6_k.gguf,blk.14.attn_k.weight,Q6_K,2097152,5.778775403355954,5.812367916107178,6,6.5625,6.341275403355954,6.374867916107178
qwen3-1.7b-q6_k.gguf,blk.14.attn_output.weight,Q6_K,4194304,5.792725311811768,5.82921576499939,6,6.5625,6.355225311811768,6.39171576499939
qwen3-1.7b-q6_k.gguf,blk.14.attn_q.weight,Q6_K,4194304,5.7781023399040015,5.811480760574341,6,6.5625,6.3406023399040015,6.373980760574341
qwen3-1.7b-q6_k.gguf,blk.14.attn_v.weight,Q6_K,2097152,5.769403145903942,5.800222396850586,6,6.5625,6.331903145903942,6.362722396850586
qwen3-1.7b-q6_k.gguf,blk.14.ffn_down.weight,Q6_K,12582912,5.753489072545169,5.784157037734985,6,6.5625,6.315989072545169,6.346657037734985
qwen3-1.7b-q6_k.gguf,blk.14.ffn_gate.weight,Q6_K,12582912,5.777774090725092,5.811354398727417,6,6.5625,6.340274090725092,6.373854398727417
qwen3-1.7b-q6_k.gguf,blk.14.ffn_up.weight,Q6_K,12582912,5.773898302596933,5.8066457112630205,6,6.5625,6.336398302596933,6.3691457112630205
qwen3-1.7b-q6_k.gguf,blk.15.attn_k.weight,Q6_K,2097152,5.784409592027226,5.818720817565918,6,6.5625,6.346909592027226,6.381220817565918
qwen3-1.7b-q6_k.gguf,blk.15.attn_output.weight,Q6_K,4194304,5.792091305369841,5.828328609466553,6,6.5625,6.354591305369841,6.390828609466553
qwen3-1.7b-q6_k.gguf,blk.15.attn_q.weight,Q6_K,4194304,5.781026631170972,5.814882755279541,6,6.5625,6.343526631170972,6.377382755279541
qwen3-1.7b-q6_k.gguf,blk.15.attn_v.weight,Q6_K,2097152,5.755763277613402,5.784173965454102,6,6.5625,6.318263277613402,6.346673965454102
qwen3-1.7b-q6_k.gguf,blk.15.ffn_down.weight,Q6_K,12582912,5.757971058846795,5.789462566375732,6,6.5625,6.320471058846795,6.351962566375732
qwen3-1.7b-q6_k.gguf,blk.15.ffn_gate.weight,Q6_K,12582912,5.776156160033171,5.809301217397054,6,6.5625,6.338656160033171,6.371801217397054
qwen3-1.7b-q6_k.gguf,blk.15.ffn_up.weight,Q6_K,12582912,5.774687994918092,5.8074882825215655,6,6.5625,6.337187994918092,6.3699882825215655
qwen3-1.7b-q6_k.gguf,blk.16.attn_k.weight,Q6_K,2097152,5.776928733709719,5.8096232414245605,6,6.5625,6.339428733709719,6.3721232414245605
qwen3-1.7b-q6_k.gguf,blk.16.attn_output.weight,Q6_K,4194304,5.792219128932017,5.828500747680664,6,6.5625,6.354719128932017,6.391000747680664
qwen3-1.7b-q6_k.gguf,blk.16.attn_q.weight,Q6_K,4194304,5.774839761745161,5.806495428085327,6,6.5625,6.337339761745161,6.368995428085327
qwen3-1.7b-q6_k.gguf,blk.16.attn_v.weight,Q6_K,2097152,5.761192695142432,5.790503978729248,6,6.5625,6.323692695142432,6.353003978729248
qwen3-1.7b-q6_k.gguf,blk.16.ffn_down.weight,Q6_K,12582912,5.752783772027787,5.782781918843587,6,6.5625,6.315283772027787,6.345281918843587
qwen3-1.7b-q6_k.gguf,blk.16.ffn_gate.weight,Q6_K,12582912,5.765875724459493,5.796223878860474,6,6.5625,6.328375724459493,6.358723878860474
qwen3-1.7b-q6_k.gguf,blk.16.ffn_up.weight,Q6_K,12582912,5.762196231589105,5.791690190633138,6,6.5625,6.324696231589105,6.354190190633138
qwen3-1.7b-q6_k.gguf,blk.17.attn_k.weight,Q6_K,2097152,5.786822613913351,5.821348190307617,6,6.5625,6.349322613913351,6.383848190307617
qwen3-1.7b-q6_k.gguf,blk.17.attn_output.weight,Q6_K,4194304,5.788697533058798,5.82373833656311,6,6.5625,6.351197533058798,6.38623833656311
qwen3-1.7b-q6_k.gguf,blk.17.attn_q.weight,Q6_K,4194304,5.768499781165984,5.799868822097778,6,6.5625,6.330999781165984,6.362368822097778
qwen3-1.7b-q6_k.gguf,blk.17.attn_v.weight,Q6_K,2097152,5.761331983177836,5.790370464324951,6,6.5625,6.323831983177836,6.352870464324951
qwen3-1.7b-q6_k.gguf,blk.17.ffn_down.weight,Q6_K,12582912,5.766039542050941,5.798766692479451,6,6.5625,6.328539542050941,6.361266692479451
qwen3-1.7b-q6_k.gguf,blk.17.ffn_gate.weight,Q6_K,12582912,5.775649677097153,5.808351357777913,6,6.5625,6.338149677097153,6.370851357777913
qwen3-1.7b-q6_k.gguf,blk.17.ffn_up.weight,Q6_K,12582912,5.7751031676877735,5.807718992233276,6,6.5625,6.3376031676877735,6.370218992233276
qwen3-1.7b-q6_k.gguf,blk.18.attn_k.weight,Q6_K,2097152,5.78392325081503,5.818054676055908,6,6.5625,6.34642325081503,6.380554676055908
qwen3-1.7b-q6_k.gguf,blk.18.attn_output.weight,Q6_K,4194304,5.789727951228259,5.825323820114136,6,6.5625,6.352227951228259,6.387823820114136
qwen3-1.7b-q6_k.gguf,blk.18.attn_q.weight,Q6_K,4194304,5.773840311053114,5.805974960327148,6,6.5625,6.336340311053114,6.368474960327148
qwen3-1.7b-q6_k.gguf,blk.18.attn_v.weight,Q6_K,2097152,5.762649767900932,5.792148590087891,6,6.5625,6.325149767900932,6.354648590087891
qwen3-1.7b-q6_k.gguf,blk.18.ffn_down.weight,Q6_K,12582912,5.766254546324567,5.798786481221517,6,6.5625,6.328754546324567,6.361286481221517
qwen3-1.7b-q6_k.gguf,blk.18.ffn_gate.weight,Q6_K,12582912,5.774207485062288,5.806448300679524,6,6.5625,6.336707485062288,6.368948300679524
qwen3-1.7b-q6_k.gguf,blk.18.ffn_up.weight,Q6_K,12582912,5.774069681833436,5.806159257888794,6,6.5625,6.336569681833436,6.368659257888794
qwen3-1.7b-q6_k.gguf,blk.19.attn_k.weight,Q6_K,2097152,5.780859751489579,5.814495086669922,6,6.5625,6.343359751489579,6.376995086669922
qwen3-1.7b-q6_k.gguf,blk.19.attn_output.weight,Q6_K,4194304,5.790631025027433,5.82602334022522,6,6.5625,6.353131025027433,6.38852334022522
qwen3-1.7b-q6_k.gguf,blk.19.attn_q.weight,Q6_K,4194304,5.770811767530731,5.802544832229614,6,6.5625,6.333311767530731,6.365044832229614
qwen3-1.7b-q6_k.gguf,blk.19.attn_v.weight,Q6_K,2097152,5.742197085520699,5.769202709197998,6,6.5625,6.304697085520699,6.331702709197998
qwen3-1.7b-q6_k.gguf,blk.19.ffn_down.weight,Q6_K,12582912,5.759801650257444,5.79089617729187,6,6.5625,6.322301650257444,6.35339617729187
qwen3-1.7b-q6_k.gguf,blk.19.ffn_gate.weight,Q6_K,12582912,5.7714938517166425,5.803069909413655,6,6.5625,6.3339938517166425,6.365569909413655
qwen3-1.7b-q6_k.gguf,blk.19.ffn_up.weight,Q6_K,12582912,5.771107955795448,5.802503903706868,6,6.5625,6.333607955795448,6.365003903706868
qwen3-1.7b-q6_k.gguf,blk.20.attn_k.weight,Q6_K,2097152,5.76935712711862,5.800652027130127,6,6.5625,6.33185712711862,6.363152027130127
qwen3-1.7b-q6_k.gguf,blk.20.attn_output.weight,Q6_K,4194304,5.786799848797032,5.8216376304626465,6,6.5625,6.349299848797032,6.3841376304626465
qwen3-1.7b-q6_k.gguf,blk.20.attn_q.weight,Q6_K,4194304,5.752787287586697,5.781218528747559,6,6.5625,6.315287287586697,6.343718528747559
qwen3-1.7b-q6_k.gguf,blk.20.attn_v.weight,Q6_K,2097152,5.733097553670431,5.758975028991699,6,6.5625,6.295597553670431,6.321475028991699
qwen3-1.7b-q6_k.gguf,blk.20.ffn_down.weight,Q6_K,12582912,5.769114797522404,5.801703055699666,6,6.5625,6.331614797522404,6.364203055699666
qwen3-1.7b-q6_k.gguf,blk.20.ffn_gate.weight,Q6_K,12582912,5.777596872330687,5.810634295145671,6,6.5625,6.340096872330687,6.373134295145671
qwen3-1.7b-q6_k.gguf,blk.20.ffn_up.weight,Q6_K,12582912,5.777722333136446,5.810823281606038,6,6.5625,6.340222333136446,6.373323281606038
qwen3-1.7b-q6_k.gguf,blk.21.attn_k.weight,Q6_K,2097152,5.777218203016645,5.8096466064453125,6,6.5625,6.339718203016645,6.3721466064453125
qwen3-1.7b-q6_k.gguf,blk.21.attn_output.weight,Q6_K,4194304,5.787919481480226,5.822940111160278,6,6.5625,6.350419481480226,6.385440111160278
qwen3-1.7b-q6_k.gguf,blk.21.attn_q.weight,Q6_K,4194304,5.766412909508267,5.796365737915039,6,6.5625,6.328912909508267,6.358865737915039
qwen3-1.7b-q6_k.gguf,blk.21.attn_v.weight,Q6_K,2097152,5.738011201259395,5.7643256187438965,6,6.5625,6.300511201259395,6.3268256187438965
qwen3-1.7b-q6_k.gguf,blk.21.ffn_down.weight,Q6_K,12582912,5.779780195740575,5.814355929692586,6,6.5625,6.342280195740575,6.376855929692586
qwen3-1.7b-q6_k.gguf,blk.21.ffn_gate.weight,Q6_K,12582912,5.786210109639354,5.821078856786092,6,6.5625,6.348710109639354,6.383578856786092
qwen3-1.7b-q6_k.gguf,blk.21.ffn_up.weight,Q6_K,12582912,5.783661038213266,5.8178408940633135,6,6.5625,6.346161038213266,6.3803408940633135
qwen3-1.7b-q6_k.gguf,blk.22.attn_k.weight,Q6_K,2097152,5.77708929611429,5.8095703125,6,6.5625,6.33958929611429,6.3720703125
qwen3-1.7b-q6_k.gguf,blk.22.attn_output.weight,Q6_K,4194304,5.793683069404215,5.829535484313965,6,6.5625,6.356183069404215,6.392035484313965
qwen3-1.7b-q6_k.gguf,blk.22.attn_q.weight,Q6_K,4194304,5.764685124558027,5.794759511947632,6,6.5625,6.327185124558027,6.357259511947632
qwen3-1.7b-q6_k.gguf,blk.22.attn_v.weight,Q6_K,2097152,5.745393508013913,5.772698402404785,6,6.5625,6.307893508013913,6.335198402404785
qwen3-1.7b-q6_k.gguf,blk.22.ffn_down.weight,Q6_K,12582912,5.788280408104802,5.824336051940918,6,6.5625,6.350780408104802,6.386836051940918
qwen3-1.7b-q6_k.gguf,blk.22.ffn_gate.weight,Q6_K,12582912,5.791617250076156,5.827556848526001,6,6.5625,6.354117250076156,6.390056848526001
qwen3-1.7b-q6_k.gguf,blk.22.ffn_up.weight,Q6_K,12582912,5.788437926619647,5.823485374450684,6,6.5625,6.350937926619647,6.385985374450684
qwen3-1.7b-q6_k.gguf,blk.23.attn_k.weight,Q6_K,2097152,5.771610504925446,5.802698612213135,6,6.5625,6.334110504925446,6.365198612213135
qwen3-1.7b-q6_k.gguf,blk.23.attn_output.weight,Q6_K,4194304,5.792334457327884,5.828373908996582,6,6.5625,6.354834457327884,6.390873908996582
qwen3-1.7b-q6_k.gguf,blk.23.attn_q.weight,Q6_K,4194304,5.766089241550004,5.796045303344727,6,6.5625,6.328589241550004,6.358545303344727
qwen3-1.7b-q6_k.gguf,blk.23.attn_v.weight,Q6_K,2097152,5.739147828599926,5.7654805183410645,6,6.5625,6.301647828599926,6.3279805183410645
qwen3-1.7b-q6_k.gguf,blk.23.ffn_down.weight,Q6_K,12582912,5.79117860729851,5.827622810999553,6,6.5625,6.35367860729851,6.390122810999553
qwen3-1.7b-q6_k.gguf,blk.23.ffn_gate.weight,Q6_K,12582912,5.796055385607541,5.832800944646199,6,6.5625,6.358555385607541,6.395300944646199
qwen3-1.7b-q6_k.gguf,blk.23.ffn_up.weight,Q6_K,12582912,5.792469321319584,5.828289270401001,6,6.5625,6.354969321319584,6.390789270401001
qwen3-1.7b-q6_k.gguf,blk.24.attn_k.weight,Q6_K,2097152,5.769127005082109,5.799548149108887,6,6.5625,6.331627005082109,6.362048149108887
qwen3-1.7b-q6_k.gguf,blk.24.attn_output.weight,Q6_K,4194304,5.792009920405567,5.828003406524658,6,6.5625,6.354509920405567,6.390503406524658
qwen3-1.7b-q6_k.gguf,blk.24.attn_q.weight,Q6_K,4194304,5.758903101425895,5.787444591522217,6,6.5625,6.321403101425895,6.349944591522217
qwen3-1.7b-q6_k.gguf,blk.24.attn_v.weight,Q6_K,2097152,5.743019668983912,5.769931316375732,6,6.5625,6.305519668983912,6.332431316375732
qwen3-1.7b-q6_k.gguf,blk.24.ffn_down.weight,Q6_K,12582912,5.791821673990185,5.828300555547078,6,6.5625,6.354321673990185,6.390800555547078
qwen3-1.7b-q6_k.gguf,blk.24.ffn_gate.weight,Q6_K,12582912,5.796604128214986,5.833281834920247,6,6.5625,6.359104128214986,6.395781834920247
qwen3-1.7b-q6_k.gguf,blk.24.ffn_up.weight,Q6_K,12582912,5.793277678031008,5.8290061155955,6,6.5625,6.355777678031008,6.3915061155955
qwen3-1.7b-q6_k.gguf,blk.25.attn_k.weight,Q6_K,2097152,5.768787190432851,5.799561500549316,6,6.5625,6.331287190432851,6.362061500549316
qwen3-1.7b-q6_k.gguf,blk.25.attn_output.weight,Q6_K,4194304,5.7928532179439465,5.828778505325317,6,6.5625,6.3553532179439465,6.391278505325317
qwen3-1.7b-q6_k.gguf,blk.25.attn_q.weight,Q6_K,4194304,5.759788412490092,5.788206577301025,6,6.5625,6.322288412490092,6.350706577301025
qwen3-1.7b-q6_k.gguf,blk.25.attn_v.weight,Q6_K,2097152,5.748198695705121,5.775850296020508,6,6.5625,6.310698695705121,6.338350296020508
qwen3-1.7b-q6_k.gguf,blk.25.ffn_down.weight,Q6_K,12582912,5.791285613578086,5.827548821767171,6,6.5625,6.353785613578086,6.390048821767171
qwen3-1.7b-q6_k.gguf,blk.25.ffn_gate.weight,Q6_K,12582912,5.796351774740161,5.833036661148071,6,6.5625,6.358851774740161,6.395536661148071
qwen3-1.7b-q6_k.gguf,blk.25.ffn_up.weight,Q6_K,12582912,5.793109531954401,5.8289023240407305,6,6.5625,6.355609531954401,6.3914023240407305
qwen3-1.7b-q6_k.gguf,blk.26.attn_k.weight,Q6_K,2097152,5.774892329553861,5.807255268096924,6,6.5625,6.337392329553861,6.369755268096924
qwen3-1.7b-q6_k.gguf,blk.26.attn_output.weight,Q6_K,4194304,5.792508963258182,5.828324556350708,6,6.5625,6.355008963258182,6.390824556350708
qwen3-1.7b-q6_k.gguf,blk.26.attn_q.weight,Q6_K,4194304,5.759381102005308,5.787866115570068,6,6.5625,6.321881102005308,6.350366115570068
qwen3-1.7b-q6_k.gguf,blk.26.attn_v.weight,Q6_K,2097152,5.768323161033262,5.797815322875977,6,6.5625,6.330823161033262,6.360315322875977
qwen3-1.7b-q6_k.gguf,blk.26.ffn_down.weight,Q6_K,12582912,5.788873080733216,5.824498732884725,6,6.5625,6.351373080733216,6.386998732884725
qwen3-1.7b-q6_k.gguf,blk.26.ffn_gate.weight,Q6_K,12582912,5.795666986892708,5.832205533981323,6,6.5625,6.358166986892708,6.394705533981323
qwen3-1.7b-q6_k.gguf,blk.26.ffn_up.weight,Q6_K,12582912,5.792933158947015,5.828432162602742,6,6.5625,6.355433158947015,6.390932162602742
qwen3-1.7b-q6_k.gguf,blk.27.attn_k.weight,Q6_K,2097152,5.793507798010631,5.829841136932373,6,6.5625,6.356007798010631,6.392341136932373
qwen3-1.7b-q6_k.gguf,blk.27.attn_output.weight,Q6_K,4194304,5.796406167479495,5.832882642745972,6,6.5625,6.358906167479495,6.395382642745972
qwen3-1.7b-q6_k.gguf,blk.27.attn_q.weight,Q6_K,4194304,5.792316692834822,5.828179121017456,6,6.5625,6.354816692834822,6.390679121017456
qwen3-1.7b-q6_k.gguf,blk.27.attn_v.weight,Q6_K,2097152,5.776845979408282,5.808322906494141,6,6.5625,6.339345979408282,6.370822906494141
qwen3-1.7b-q6_k.gguf,blk.27.ffn_down.weight,Q6_K,12582912,5.7689105868015,5.800606807072957,6,6.5625,6.3314105868015,6.363106807072957
qwen3-1.7b-q6_k.gguf,blk.27.ffn_gate.weight,Q6_K,12582912,5.797992155650192,5.834783395131429,6,6.5625,6.360492155650192,6.397283395131429
qwen3-1.7b-q6_k.gguf,blk.27.ffn_up.weight,Q6_K,12582912,5.79548743154507,5.831211964289348,6,6.5625,6.35798743154507,6.393711964289348
